date,Reject_rate,Accept_rate,Contract_rate,Refinancing_rate,New_Contract_rate,NTU_rate
2021-01-01,0.6363636363636364,0.36363636363636365,0,0.36363636363636365,0,0.36363636363636365
2021-01-02,0.5922330097087378,0.4077669902912621,0.32038834951456313,0.08737864077669903,0.32038834951456313,0.08737864077669903
2021-01-03,0.5454545454545454,0.45454545454545453,0.35064935064935066,0.1038961038961039,0.35064935064935066,0.1038961038961039
2021-01-04,0.4244604316546763,0.5755395683453237,0.46402877697841727,0.11151079136690648,0.46402877697841727,0.11151079136690648
2021-01-05,0.3842364532019704,0.6157635467980296,0.5172413793103449,0.09852216748768473,0.5172413793103449,0.09852216748768473
2021-01-06,0.425,0.575,0.45,0.125,0.45,0.125
2021-01-07,0.4396135265700483,0.5603864734299517,0.4830917874396135,0.07729468599033816,0.4830917874396135,0.07729468599033816
2021-01-08,0.40789473684210525,0.5921052631578947,0.5328947368421053,0.05921052631578947,0.5328947368421053,0.05921052631578947
2021-01-09,0.4166666666666667,0.5833333333333334,0.5104166666666666,0.07291666666666667,0.5104166666666666,0.07291666666666667
2021-01-10,0.5074626865671642,0.4925373134328358,0.3582089552238806,0.13432835820895522,0.3582089552238806,0.13432835820895522
2021-01-11,0.5069767441860465,0.4930232558139535,0.386046511627907,0.10697674418604651,0.386046511627907,0.10697674418604651
2021-01-12,0.4489795918367347,0.5510204081632653,0.42857142857142855,0.12244897959183673,0.42857142857142855,0.12244897959183673
2021-01-13,0.4954128440366973,0.5045871559633027,0.40825688073394495,0.0963302752293578,0.40825688073394495,0.0963302752293578
2021-01-14,0.42473118279569894,0.5752688172043011,0.43010752688172044,0.14516129032258066,0.43010752688172044,0.14516129032258066
2021-01-15,0.4723926380368098,0.5276073619631901,0.44785276073619634,0.07975460122699386,0.44785276073619634,0.07975460122699386
2021-01-16,0.46464646464646464,0.5353535353535354,0.41414141414141414,0.12121212121212122,0.41414141414141414,0.12121212121212122
2021-01-17,0.5802469135802469,0.41975308641975306,0.2839506172839506,0.13580246913580246,0.2839506172839506,0.13580246913580246
2021-01-18,0.5263157894736842,0.47368421052631576,0.4019138755980861,0.07177033492822966,0.4019138755980861,0.07177033492822966
2021-01-19,0.5214285714285715,0.4785714285714286,0.37142857142857144,0.10714285714285714,0.37142857142857144,0.10714285714285714
2021-01-20,0.3755868544600939,0.6244131455399061,0.5492957746478874,0.07511737089201878,0.5492957746478874,0.07511737089201878
2021-01-21,0.4365482233502538,0.5634517766497462,0.49746192893401014,0.06598984771573604,0.49746192893401014,0.06598984771573604
2021-01-22,0.4642857142857143,0.5357142857142857,0.4336734693877551,0.10204081632653061,0.4336734693877551,0.10204081632653061
2021-01-23,0.4827586206896552,0.5172413793103449,0.4367816091954023,0.08045977011494253,0.4367816091954023,0.08045977011494253
2021-01-24,0.5194805194805194,0.4805194805194805,0.44155844155844154,0.03896103896103896,0.44155844155844154,0.03896103896103896
2021-01-25,0.42424242424242425,0.5757575757575758,0.47619047619047616,0.09956709956709957,0.47619047619047616,0.09956709956709957
2021-01-26,0.48292682926829267,0.5170731707317073,0.3951219512195122,0.12195121951219512,0.3951219512195122,0.12195121951219512
2021-01-27,0.4666666666666667,0.5333333333333333,0.4523809523809524,0.08095238095238096,0.4523809523809524,0.08095238095238096
2021-01-28,0.46078431372549017,0.5392156862745098,0.46568627450980393,0.07352941176470588,0.46568627450980393,0.07352941176470588
2021-01-29,0.37575757575757573,0.6242424242424243,0.5333333333333333,0.09090909090909091,0.5333333333333333,0.09090909090909091
2021-01-30,0.4296875,0.5703125,0.4921875,0.078125,0.4921875,0.078125
2021-01-31,0.4942528735632184,0.5057471264367817,0.41379310344827586,0.09195402298850575,0.41379310344827586,0.09195402298850575
2021-02-01,0.5339805825242718,0.46601941747572817,0.3932038834951456,0.07281553398058252,0.3932038834951456,0.07281553398058252
2021-02-02,0.6423357664233577,0.35766423357664234,0.291970802919708,0.06569343065693431,0.291970802919708,0.06569343065693431
2021-02-03,0.554945054945055,0.44505494505494503,0.36813186813186816,0.07692307692307693,0.36813186813186816,0.07692307692307693
2021-02-04,0.5867158671586716,0.4132841328413284,0.3247232472324723,0.08856088560885608,0.3247232472324723,0.08856088560885608
2021-02-05,0.45901639344262296,0.5409836065573771,0.4644808743169399,0.07650273224043716,0.4644808743169399,0.07650273224043716
2021-02-06,0.5794392523364486,0.4205607476635514,0.3364485981308411,0.08411214953271028,0.3364485981308411,0.08411214953271028
2021-02-07,0.6142857142857143,0.38571428571428573,0.32857142857142857,0.05714285714285714,0.32857142857142857,0.05714285714285714
2021-02-08,0.4698275862068966,0.5301724137931034,0.4396551724137931,0.09051724137931035,0.4396551724137931,0.09051724137931035
2021-02-09,0.506896551724138,0.49310344827586206,0.41724137931034483,0.07586206896551724,0.41724137931034483,0.07586206896551724
2021-02-10,0.502127659574468,0.4978723404255319,0.4127659574468085,0.0851063829787234,0.4127659574468085,0.0851063829787234
2021-02-11,0.46153846153846156,0.5384615384615384,0.44505494505494503,0.09340659340659341,0.44505494505494503,0.09340659340659341
2021-02-12,0.5984848484848485,0.4015151515151515,0.3446969696969697,0.056818181818181816,0.3446969696969697,0.056818181818181816
2021-02-13,0.5304347826086957,0.46956521739130436,0.34782608695652173,0.12173913043478261,0.34782608695652173,0.12173913043478261
2021-02-14,0.5681818181818182,0.4318181818181818,0.3068181818181818,0.125,0.3068181818181818,0.125
2021-02-15,0.45041322314049587,0.5495867768595041,0.4628099173553719,0.08677685950413223,0.4628099173553719,0.08677685950413223
2021-02-16,0.4238095238095238,0.5761904761904761,0.5047619047619047,0.07142857142857142,0.5047619047619047,0.07142857142857142
2021-02-17,0.5043859649122807,0.4956140350877193,0.42105263157894735,0.07456140350877193,0.42105263157894735,0.07456140350877193
2021-02-18,0.5173913043478261,0.4826086956521739,0.4043478260869565,0.0782608695652174,0.4043478260869565,0.0782608695652174
2021-02-19,0.49,0.51,0.415,0.095,0.415,0.095
2021-02-20,0.5294117647058824,0.47058823529411764,0.35294117647058826,0.11764705882352941,0.35294117647058826,0.11764705882352941
2021-02-21,0.6868686868686869,0.31313131313131315,0.29292929292929293,0.020202020202020204,0.29292929292929293,0.020202020202020204
2021-02-22,0.5054545454545455,0.49454545454545457,0.36727272727272725,0.12727272727272726,0.36727272727272725,0.12727272727272726
2021-02-23,0.4380952380952381,0.5619047619047619,0.4666666666666667,0.09523809523809523,0.4666666666666667,0.09523809523809523
2021-02-24,0.5192307692307693,0.4807692307692308,0.3701923076923077,0.11057692307692307,0.3701923076923077,0.11057692307692307
2021-02-25,0.5783582089552238,0.4216417910447761,0.332089552238806,0.08955223880597014,0.332089552238806,0.08955223880597014
2021-02-26,0.46218487394957986,0.5378151260504201,0.4495798319327731,0.08823529411764706,0.4495798319327731,0.08823529411764706
2021-02-27,0.46511627906976744,0.5348837209302325,0.46511627906976744,0.06976744186046512,0.46511627906976744,0.06976744186046512
2021-02-28,0.5083333333333333,0.49166666666666664,0.39166666666666666,0.1,0.39166666666666666,0.1
2021-03-01,0.47601476014760147,0.5239852398523985,0.4317343173431734,0.09225092250922509,0.4317343173431734,0.09225092250922509
2021-03-02,0.44642857142857145,0.5535714285714286,0.44642857142857145,0.10714285714285714,0.44642857142857145,0.10714285714285714
2021-03-03,0.5581395348837209,0.4418604651162791,0.34108527131782945,0.10077519379844961,0.34108527131782945,0.10077519379844961
2021-03-04,0.42063492063492064,0.5793650793650794,0.4880952380952381,0.09126984126984126,0.4880952380952381,0.09126984126984126
2021-03-05,0.470873786407767,0.529126213592233,0.46116504854368934,0.06796116504854369,0.46116504854368934,0.06796116504854369
2021-03-06,0.5285714285714286,0.4714285714285714,0.42142857142857143,0.05,0.42142857142857143,0.05
2021-03-07,0.5643564356435643,0.43564356435643564,0.33663366336633666,0.09900990099009901,0.33663366336633666,0.09900990099009901
2021-03-08,0.49795918367346936,0.5020408163265306,0.42857142857142855,0.07346938775510205,0.42857142857142855,0.07346938775510205
2021-03-09,0.419811320754717,0.5801886792452831,0.5047169811320755,0.07547169811320754,0.5047169811320755,0.07547169811320754
2021-03-10,0.4030612244897959,0.5969387755102041,0.5204081632653061,0.07653061224489796,0.5204081632653061,0.07653061224489796
2021-03-11,0.4880382775119617,0.5119617224880383,0.4258373205741627,0.0861244019138756,0.4258373205741627,0.0861244019138756
2021-03-12,0.3783783783783784,0.6216216216216216,0.5351351351351351,0.08648648648648649,0.5351351351351351,0.08648648648648649
2021-03-13,0.5565217391304348,0.4434782608695652,0.3565217391304348,0.08695652173913043,0.3565217391304348,0.08695652173913043
2021-03-14,0.5441176470588235,0.45588235294117646,0.36764705882352944,0.08823529411764706,0.36764705882352944,0.08823529411764706
2021-03-15,0.44493392070484583,0.5550660792951542,0.4977973568281938,0.05726872246696035,0.4977973568281938,0.05726872246696035
2021-03-16,0.5371900826446281,0.4628099173553719,0.3677685950413223,0.09504132231404959,0.3677685950413223,0.09504132231404959
2021-03-17,0.5793650793650794,0.42063492063492064,0.3492063492063492,0.07142857142857142,0.3492063492063492,0.07142857142857142
2021-03-18,0.53125,0.46875,0.39285714285714285,0.07589285714285714,0.39285714285714285,0.07589285714285714
2021-03-19,0.45132743362831856,0.5486725663716814,0.48672566371681414,0.061946902654867256,0.48672566371681414,0.061946902654867256
2021-03-20,0.4934210526315789,0.506578947368421,0.40131578947368424,0.10526315789473684,0.40131578947368424,0.10526315789473684
2021-03-21,0.6847826086956522,0.31521739130434784,0.2391304347826087,0.07608695652173914,0.2391304347826087,0.07608695652173914
2021-03-22,0.5443548387096774,0.45564516129032256,0.3790322580645161,0.07661290322580645,0.3790322580645161,0.07661290322580645
2021-03-23,0.5196850393700787,0.48031496062992124,0.3661417322834646,0.1141732283464567,0.3661417322834646,0.1141732283464567
2021-03-24,0.5166666666666667,0.48333333333333334,0.3541666666666667,0.12916666666666668,0.3541666666666667,0.12916666666666668
2021-03-25,0.5576036866359447,0.4423963133640553,0.35944700460829493,0.08294930875576037,0.35944700460829493,0.08294930875576037
2021-03-26,0.45023696682464454,0.5497630331753555,0.44075829383886256,0.10900473933649289,0.44075829383886256,0.10900473933649289
2021-03-27,0.391304347826087,0.6086956521739131,0.48695652173913045,0.12173913043478261,0.48695652173913045,0.12173913043478261
2021-03-28,0.5764705882352941,0.4235294117647059,0.3176470588235294,0.10588235294117647,0.3176470588235294,0.10588235294117647
2021-03-29,0.47767857142857145,0.5223214285714286,0.4017857142857143,0.12053571428571429,0.4017857142857143,0.12053571428571429
2021-03-30,0.4595959595959596,0.5404040404040404,0.4444444444444444,0.09595959595959595,0.4444444444444444,0.09595959595959595
2021-03-31,0.3858695652173913,0.6141304347826086,0.5,0.11413043478260869,0.5,0.11413043478260869
2021-04-01,0.5,0.5,0.42857142857142855,0.07142857142857142,0.42857142857142855,0.07142857142857142
2021-04-02,0.40782122905027934,0.5921787709497207,0.49162011173184356,0.1005586592178771,0.49162011173184356,0.1005586592178771
2021-04-03,0.5769230769230769,0.4230769230769231,0.38461538461538464,0.038461538461538464,0.38461538461538464,0.038461538461538464
2021-04-04,0.5,0.5,0.43333333333333335,0.06666666666666667,0.43333333333333335,0.06666666666666667
2021-04-05,0.4720812182741117,0.5279187817258884,0.43147208121827413,0.09644670050761421,0.43147208121827413,0.09644670050761421
2021-04-06,0.4431818181818182,0.5568181818181818,0.4318181818181818,0.125,0.4318181818181818,0.125
2021-04-07,0.4594594594594595,0.5405405405405406,0.42702702702702705,0.11351351351351352,0.42702702702702705,0.11351351351351352
2021-04-08,0.4517766497461929,0.5482233502538071,0.4365482233502538,0.1116751269035533,0.4365482233502538,0.1116751269035533
2021-04-09,0.39,0.61,0.53,0.08,0.53,0.08
2021-04-10,0.4358974358974359,0.5641025641025641,0.4358974358974359,0.1282051282051282,0.4358974358974359,0.1282051282051282
2021-04-11,0.5212765957446809,0.4787234042553192,0.3617021276595745,0.11702127659574468,0.3617021276595745,0.11702127659574468
2021-04-12,0.42081447963800905,0.579185520361991,0.4660633484162896,0.11312217194570136,0.4660633484162896,0.11312217194570136
2021-04-13,0.46875,0.53125,0.4114583333333333,0.11979166666666667,0.4114583333333333,0.11979166666666667
2021-04-14,0.5185185185185185,0.48148148148148145,0.39814814814814814,0.08333333333333333,0.39814814814814814,0.08333333333333333
2021-04-15,0.39690721649484534,0.6030927835051546,0.5103092783505154,0.09278350515463918,0.5103092783505154,0.09278350515463918
2021-04-16,0.4225352112676056,0.5774647887323944,0.49295774647887325,0.08450704225352113,0.49295774647887325,0.08450704225352113
2021-04-17,0.42735042735042733,0.5726495726495726,0.49572649572649574,0.07692307692307693,0.49572649572649574,0.07692307692307693
2021-04-18,0.46601941747572817,0.5339805825242718,0.47572815533980584,0.05825242718446602,0.47572815533980584,0.05825242718446602
2021-04-19,0.4851063829787234,0.5148936170212766,0.44680851063829785,0.06808510638297872,0.44680851063829785,0.06808510638297872
2021-04-20,0.3632286995515695,0.6367713004484304,0.5112107623318386,0.12556053811659193,0.5112107623318386,0.12556053811659193
2021-04-21,0.4482758620689655,0.5517241379310345,0.4396551724137931,0.11206896551724138,0.4396551724137931,0.11206896551724138
2021-04-22,0.3825136612021858,0.6174863387978142,0.5355191256830601,0.08196721311475409,0.5355191256830601,0.08196721311475409
2021-04-23,0.3744493392070485,0.6255506607929515,0.4977973568281938,0.1277533039647577,0.4977973568281938,0.1277533039647577
2021-04-24,0.39166666666666666,0.6083333333333333,0.5166666666666667,0.09166666666666666,0.5166666666666667,0.09166666666666666
2021-04-25,0.5315315315315315,0.46846846846846846,0.34234234234234234,0.12612612612612611,0.34234234234234234,0.12612612612612611
2021-04-26,0.37890625,0.62109375,0.5078125,0.11328125,0.5078125,0.11328125
2021-04-27,0.3906810035842294,0.6093189964157706,0.46236559139784944,0.14695340501792115,0.46236559139784944,0.14695340501792115
2021-04-28,0.39819004524886875,0.6018099547511312,0.5203619909502263,0.08144796380090498,0.5203619909502263,0.08144796380090498
2021-04-29,0.375,0.625,0.5604838709677419,0.06451612903225806,0.5604838709677419,0.06451612903225806
2021-04-30,0.4824561403508772,0.5175438596491229,0.40350877192982454,0.11403508771929824,0.40350877192982454,0.11403508771929824
2021-05-01,0.4835164835164835,0.5164835164835165,0.4175824175824176,0.0989010989010989,0.4175824175824176,0.0989010989010989
2021-05-02,0.7222222222222222,0.2777777777777778,0.16666666666666666,0.1111111111111111,0.16666666666666666,0.1111111111111111
2021-05-03,0.48672566371681414,0.5132743362831859,0.40707964601769914,0.10619469026548672,0.40707964601769914,0.10619469026548672
2021-05-04,0.48412698412698413,0.5158730158730159,0.4444444444444444,0.07142857142857142,0.4444444444444444,0.07142857142857142
2021-05-05,0.49224806201550386,0.5077519379844961,0.42248062015503873,0.08527131782945736,0.42248062015503873,0.08527131782945736
2021-05-06,0.5370370370370371,0.46296296296296297,0.3888888888888889,0.07407407407407407,0.3888888888888889,0.07407407407407407
2021-05-07,0.39271255060728744,0.6072874493927125,0.5344129554655871,0.0728744939271255,0.5344129554655871,0.0728744939271255
2021-05-08,0.484375,0.515625,0.4140625,0.1015625,0.4140625,0.1015625
2021-05-09,0.5652173913043478,0.43478260869565216,0.3695652173913043,0.06521739130434782,0.3695652173913043,0.06521739130434782
2021-05-10,0.4423076923076923,0.5576923076923077,0.45,0.1076923076923077,0.45,0.1076923076923077
2021-05-11,0.4433497536945813,0.5566502463054187,0.4236453201970443,0.1330049261083744,0.4236453201970443,0.1330049261083744
2021-05-12,0.4675925925925926,0.5324074074074074,0.4351851851851852,0.09722222222222222,0.4351851851851852,0.09722222222222222
2021-05-13,0.4765957446808511,0.5234042553191489,0.42127659574468085,0.10212765957446808,0.42127659574468085,0.10212765957446808
2021-05-14,0.4263157894736842,0.5736842105263158,0.46842105263157896,0.10526315789473684,0.46842105263157896,0.10526315789473684
2021-05-15,0.36283185840707965,0.6371681415929203,0.5132743362831859,0.12389380530973451,0.5132743362831859,0.12389380530973451
2021-05-16,0.58,0.42,0.33,0.09,0.33,0.09
2021-05-17,0.4826254826254826,0.5173745173745173,0.42084942084942084,0.09652509652509653,0.42084942084942084,0.09652509652509653
2021-05-18,0.424390243902439,0.5756097560975609,0.4926829268292683,0.08292682926829269,0.4926829268292683,0.08292682926829269
2021-05-19,0.42616033755274263,0.5738396624472574,0.459915611814346,0.11392405063291139,0.459915611814346,0.11392405063291139
2021-05-20,0.39823008849557523,0.6017699115044248,0.46017699115044247,0.1415929203539823,0.46017699115044247,0.1415929203539823
2021-05-21,0.3798076923076923,0.6201923076923077,0.49038461538461536,0.12980769230769232,0.49038461538461536,0.12980769230769232
2021-05-22,0.4094488188976378,0.5905511811023622,0.5196850393700787,0.07086614173228346,0.5196850393700787,0.07086614173228346
2021-05-23,0.4583333333333333,0.5416666666666666,0.4444444444444444,0.09722222222222222,0.4444444444444444,0.09722222222222222
2021-05-24,0.4811320754716981,0.5188679245283019,0.4056603773584906,0.11320754716981132,0.4056603773584906,0.11320754716981132
2021-05-25,0.43805309734513276,0.5619469026548672,0.4690265486725664,0.09292035398230089,0.4690265486725664,0.09292035398230089
2021-05-26,0.3882978723404255,0.6117021276595744,0.4946808510638298,0.11702127659574468,0.4946808510638298,0.11702127659574468
2021-05-27,0.4830188679245283,0.5169811320754717,0.4,0.1169811320754717,0.4,0.1169811320754717
2021-05-28,0.44841269841269843,0.5515873015873016,0.42857142857142855,0.12301587301587301,0.42857142857142855,0.12301587301587301
2021-05-29,0.4140625,0.5859375,0.46875,0.1171875,0.46875,0.1171875
2021-05-30,0.5192307692307693,0.4807692307692308,0.34615384615384615,0.1346153846153846,0.34615384615384615,0.1346153846153846
2021-05-31,0.3612167300380228,0.6387832699619772,0.5019011406844106,0.13688212927756654,0.5019011406844106,0.13688212927756654
2021-06-01,0.35096153846153844,0.6490384615384616,0.5480769230769231,0.10096153846153846,0.5480769230769231,0.10096153846153846
2021-06-02,0.35344827586206895,0.646551724137931,0.5474137931034483,0.09913793103448276,0.5474137931034483,0.09913793103448276
2021-06-03,0.4635416666666667,0.5364583333333334,0.453125,0.08333333333333333,0.453125,0.08333333333333333
2021-06-04,0.42196531791907516,0.5780346820809249,0.5086705202312138,0.06936416184971098,0.5086705202312138,0.06936416184971098
2021-06-05,0.4745762711864407,0.5254237288135594,0.423728813559322,0.1016949152542373,0.423728813559322,0.1016949152542373
2021-06-06,0.5346534653465347,0.46534653465346537,0.33663366336633666,0.12871287128712872,0.33663366336633666,0.12871287128712872
2021-06-07,0.36444444444444446,0.6355555555555555,0.49333333333333335,0.14222222222222222,0.49333333333333335,0.14222222222222222
2021-06-08,0.4351851851851852,0.5648148148148148,0.4398148148148148,0.125,0.4398148148148148,0.125
2021-06-09,0.47413793103448276,0.5258620689655172,0.4267241379310345,0.09913793103448276,0.4267241379310345,0.09913793103448276
2021-06-10,0.4252336448598131,0.5747663551401869,0.4719626168224299,0.102803738317757,0.4719626168224299,0.102803738317757
2021-06-11,0.41743119266055045,0.5825688073394495,0.4954128440366973,0.0871559633027523,0.4954128440366973,0.0871559633027523
2021-06-12,0.4206896551724138,0.5793103448275863,0.4827586206896552,0.09655172413793103,0.4827586206896552,0.09655172413793103
2021-06-13,0.6444444444444445,0.35555555555555557,0.26666666666666666,0.08888888888888889,0.26666666666666666,0.08888888888888889
2021-06-14,0.4217391304347826,0.5782608695652174,0.4434782608695652,0.13478260869565217,0.4434782608695652,0.13478260869565217
2021-06-15,0.37,0.63,0.475,0.155,0.475,0.155
2021-06-16,0.4371859296482412,0.5628140703517588,0.46733668341708545,0.09547738693467336,0.46733668341708545,0.09547738693467336
2021-06-17,0.4107142857142857,0.5892857142857143,0.47619047619047616,0.1130952380952381,0.47619047619047616,0.1130952380952381
2021-06-18,0.3915094339622642,0.6084905660377359,0.5188679245283019,0.08962264150943396,0.5188679245283019,0.08962264150943396
2021-06-19,0.3602941176470588,0.6397058823529411,0.47794117647058826,0.16176470588235295,0.47794117647058826,0.16176470588235295
2021-06-20,0.4270833333333333,0.5729166666666666,0.3958333333333333,0.17708333333333334,0.3958333333333333,0.17708333333333334
2021-06-21,0.451063829787234,0.548936170212766,0.44680851063829785,0.10212765957446808,0.44680851063829785,0.10212765957446808
2021-06-22,0.3804347826086957,0.6195652173913043,0.5217391304347826,0.09782608695652174,0.5217391304347826,0.09782608695652174
2021-06-23,0.4077669902912621,0.5922330097087378,0.48058252427184467,0.11165048543689321,0.48058252427184467,0.11165048543689321
2021-06-24,0.37222222222222223,0.6277777777777778,0.48333333333333334,0.14444444444444443,0.48333333333333334,0.14444444444444443
2021-06-25,0.36893203883495146,0.6310679611650486,0.5194174757281553,0.11165048543689321,0.5194174757281553,0.11165048543689321
2021-06-26,0.3875968992248062,0.6124031007751938,0.4883720930232558,0.12403100775193798,0.4883720930232558,0.12403100775193798
2021-06-27,0.5384615384615384,0.46153846153846156,0.37362637362637363,0.08791208791208792,0.37362637362637363,0.08791208791208792
2021-06-28,0.51171875,0.48828125,0.39453125,0.09375,0.39453125,0.09375
2021-06-29,0.46956521739130436,0.5304347826086957,0.43043478260869567,0.1,0.43043478260869567,0.1
2021-06-30,0.4090909090909091,0.5909090909090909,0.5,0.09090909090909091,0.5,0.09090909090909091
2021-07-01,0.39690721649484534,0.6030927835051546,0.5154639175257731,0.08762886597938144,0.5154639175257731,0.08762886597938144
2021-07-02,0.39901477832512317,0.6009852216748769,0.5270935960591133,0.07389162561576355,0.5270935960591133,0.07389162561576355
2021-07-03,0.4727272727272727,0.5272727272727272,0.41818181818181815,0.10909090909090909,0.41818181818181815,0.10909090909090909
2021-07-04,0.5131578947368421,0.4868421052631579,0.40789473684210525,0.07894736842105263,0.40789473684210525,0.07894736842105263
2021-07-05,0.4368932038834951,0.5631067961165048,0.4320388349514563,0.13106796116504854,0.4320388349514563,0.13106796116504854
2021-07-06,0.4292682926829268,0.5707317073170731,0.47317073170731705,0.0975609756097561,0.47317073170731705,0.0975609756097561
2021-07-07,0.366120218579235,0.6338797814207651,0.5081967213114754,0.12568306010928962,0.5081967213114754,0.12568306010928962
2021-07-08,0.43317972350230416,0.5668202764976958,0.4792626728110599,0.08755760368663594,0.4792626728110599,0.08755760368663594
2021-07-09,0.3492063492063492,0.6507936507936508,0.5291005291005291,0.12169312169312169,0.5291005291005291,0.12169312169312169
2021-07-10,0.47540983606557374,0.5245901639344263,0.4098360655737705,0.11475409836065574,0.4098360655737705,0.11475409836065574
2021-07-11,0.45569620253164556,0.5443037974683544,0.5063291139240507,0.0379746835443038,0.5063291139240507,0.0379746835443038
2021-07-12,0.4523809523809524,0.5476190476190477,0.4523809523809524,0.09523809523809523,0.4523809523809524,0.09523809523809523
2021-07-13,0.42916666666666664,0.5708333333333333,0.45,0.12083333333333333,0.45,0.12083333333333333
2021-07-14,0.3776595744680851,0.6223404255319149,0.5,0.12234042553191489,0.5,0.12234042553191489
2021-07-15,0.39195979899497485,0.6080402010050251,0.49748743718592964,0.11055276381909548,0.49748743718592964,0.11055276381909548
2021-07-16,0.37623762376237624,0.6237623762376238,0.5247524752475248,0.09900990099009901,0.5247524752475248,0.09900990099009901
2021-07-17,0.4094488188976378,0.5905511811023622,0.4330708661417323,0.15748031496062992,0.4330708661417323,0.15748031496062992
2021-07-18,0.4891304347826087,0.5108695652173914,0.391304347826087,0.11956521739130435,0.391304347826087,0.11956521739130435
2021-07-19,0.3674418604651163,0.6325581395348837,0.5069767441860465,0.12558139534883722,0.5069767441860465,0.12558139534883722
2021-07-20,0.35784313725490197,0.6421568627450981,0.5637254901960784,0.0784313725490196,0.5637254901960784,0.0784313725490196
2021-07-21,0.44221105527638194,0.5577889447236181,0.4371859296482412,0.12060301507537688,0.4371859296482412,0.12060301507537688
2021-07-22,0.451063829787234,0.548936170212766,0.43829787234042555,0.11063829787234042,0.43829787234042555,0.11063829787234042
2021-07-23,0.40454545454545454,0.5954545454545455,0.4954545454545455,0.1,0.4954545454545455,0.1
2021-07-24,0.47540983606557374,0.5245901639344263,0.4016393442622951,0.12295081967213115,0.4016393442622951,0.12295081967213115
2021-07-25,0.5319148936170213,0.46808510638297873,0.3404255319148936,0.1276595744680851,0.3404255319148936,0.1276595744680851
2021-07-26,0.4148148148148148,0.5851851851851851,0.45185185185185184,0.13333333333333333,0.45185185185185184,0.13333333333333333
2021-07-27,0.37264150943396224,0.6273584905660378,0.4716981132075472,0.15566037735849056,0.4716981132075472,0.15566037735849056
2021-07-28,0.38,0.62,0.495,0.125,0.495,0.125
2021-07-29,0.38396624472573837,0.6160337552742616,0.45147679324894513,0.16455696202531644,0.45147679324894513,0.16455696202531644
2021-07-30,0.35784313725490197,0.6421568627450981,0.5441176470588235,0.09803921568627451,0.5441176470588235,0.09803921568627451
2021-07-31,0.5434782608695652,0.45652173913043476,0.37681159420289856,0.07971014492753623,0.37681159420289856,0.07971014492753623
2021-08-01,0.4777777777777778,0.5222222222222223,0.4,0.12222222222222222,0.4,0.12222222222222222
2021-08-02,0.4661016949152542,0.5338983050847458,0.4279661016949153,0.1059322033898305,0.4279661016949153,0.1059322033898305
2021-08-03,0.3588516746411483,0.6411483253588517,0.5167464114832536,0.12440191387559808,0.5167464114832536,0.12440191387559808
2021-08-04,0.4114583333333333,0.5885416666666666,0.5104166666666666,0.078125,0.5104166666666666,0.078125
2021-08-05,0.4205128205128205,0.5794871794871795,0.4564102564102564,0.12307692307692308,0.4564102564102564,0.12307692307692308
2021-08-06,0.39520958083832336,0.6047904191616766,0.4550898203592814,0.1497005988023952,0.4550898203592814,0.1497005988023952
2021-08-07,0.5675675675675675,0.43243243243243246,0.38738738738738737,0.04504504504504504,0.38738738738738737,0.04504504504504504
2021-08-08,0.4722222222222222,0.5277777777777778,0.4166666666666667,0.1111111111111111,0.4166666666666667,0.1111111111111111
2021-08-09,0.4148471615720524,0.5851528384279476,0.4847161572052402,0.10043668122270742,0.4847161572052402,0.10043668122270742
2021-08-10,0.4410480349344978,0.5589519650655022,0.4148471615720524,0.14410480349344978,0.4148471615720524,0.14410480349344978
2021-08-11,0.39805825242718446,0.6019417475728155,0.5,0.10194174757281553,0.5,0.10194174757281553
2021-08-12,0.32972972972972975,0.6702702702702703,0.5351351351351351,0.13513513513513514,0.5351351351351351,0.13513513513513514
2021-08-13,0.372972972972973,0.6270270270270271,0.5081081081081081,0.11891891891891893,0.5081081081081081,0.11891891891891893
2021-08-14,0.48672566371681414,0.5132743362831859,0.45132743362831856,0.061946902654867256,0.45132743362831856,0.061946902654867256
2021-08-15,0.5147058823529411,0.4852941176470588,0.36764705882352944,0.11764705882352941,0.36764705882352944,0.11764705882352941
2021-08-16,0.3961352657004831,0.6038647342995169,0.4782608695652174,0.12560386473429952,0.4782608695652174,0.12560386473429952
2021-08-17,0.42857142857142855,0.5714285714285714,0.46938775510204084,0.10204081632653061,0.46938775510204084,0.10204081632653061
2021-08-18,0.35714285714285715,0.6428571428571429,0.5612244897959183,0.08163265306122448,0.5612244897959183,0.08163265306122448
2021-08-19,0.44571428571428573,0.5542857142857143,0.44571428571428573,0.10857142857142857,0.44571428571428573,0.10857142857142857
2021-08-20,0.4207920792079208,0.5792079207920792,0.48514851485148514,0.09405940594059406,0.48514851485148514,0.09405940594059406
2021-08-21,0.4519230769230769,0.5480769230769231,0.47115384615384615,0.07692307692307693,0.47115384615384615,0.07692307692307693
2021-08-22,0.5222222222222223,0.4777777777777778,0.3333333333333333,0.14444444444444443,0.3333333333333333,0.14444444444444443
2021-08-23,0.38578680203045684,0.6142131979695431,0.5380710659898477,0.07614213197969544,0.5380710659898477,0.07614213197969544
2021-08-24,0.3564356435643564,0.6435643564356436,0.5445544554455446,0.09900990099009901,0.5445544554455446,0.09900990099009901
2021-08-25,0.42934782608695654,0.5706521739130435,0.45108695652173914,0.11956521739130435,0.45108695652173914,0.11956521739130435
2021-08-26,0.4451219512195122,0.5548780487804879,0.5,0.054878048780487805,0.5,0.054878048780487805
2021-08-27,0.430939226519337,0.569060773480663,0.4585635359116022,0.11049723756906077,0.4585635359116022,0.11049723756906077
2021-08-28,0.5190839694656488,0.48091603053435117,0.35877862595419846,0.12213740458015267,0.35877862595419846,0.12213740458015267
2021-08-29,0.5542168674698795,0.4457831325301205,0.3253012048192771,0.12048192771084337,0.3253012048192771,0.12048192771084337
2021-08-30,0.37373737373737376,0.6262626262626263,0.5353535353535354,0.09090909090909091,0.5353535353535354,0.09090909090909091
2021-08-31,0.41,0.59,0.49,0.1,0.49,0.1
2021-09-01,0.4506172839506173,0.5493827160493827,0.4444444444444444,0.10493827160493827,0.4444444444444444,0.10493827160493827
2021-09-02,0.4256410256410256,0.5743589743589743,0.4666666666666667,0.1076923076923077,0.4666666666666667,0.1076923076923077
2021-09-03,0.39344262295081966,0.6065573770491803,0.45901639344262296,0.14754098360655737,0.45901639344262296,0.14754098360655737
2021-09-04,0.41935483870967744,0.5806451612903226,0.4731182795698925,0.10752688172043011,0.4731182795698925,0.10752688172043011
2021-09-05,0.5581395348837209,0.4418604651162791,0.3372093023255814,0.10465116279069768,0.3372093023255814,0.10465116279069768
2021-09-06,0.5213675213675214,0.47863247863247865,0.39316239316239315,0.08547008547008547,0.39316239316239315,0.08547008547008547
2021-09-07,0.36464088397790057,0.6353591160220995,0.5414364640883977,0.09392265193370165,0.5414364640883977,0.09392265193370165
2021-09-08,0.40350877192982454,0.5964912280701754,0.49122807017543857,0.10526315789473684,0.49122807017543857,0.10526315789473684
2021-09-09,0.4605263157894737,0.5394736842105263,0.4342105263157895,0.10526315789473684,0.4342105263157895,0.10526315789473684
2021-09-10,0.34810126582278483,0.6518987341772152,0.5063291139240507,0.14556962025316456,0.5063291139240507,0.14556962025316456
2021-09-11,0.34782608695652173,0.6521739130434783,0.5565217391304348,0.09565217391304348,0.5565217391304348,0.09565217391304348
2021-09-12,0.52,0.48,0.3333333333333333,0.14666666666666667,0.3333333333333333,0.14666666666666667
2021-09-13,0.3989071038251366,0.6010928961748634,0.4808743169398907,0.12021857923497267,0.4808743169398907,0.12021857923497267
2021-09-14,0.3463687150837989,0.6536312849162011,0.5586592178770949,0.09497206703910614,0.5586592178770949,0.09497206703910614
2021-09-15,0.4180790960451977,0.5819209039548022,0.4745762711864407,0.10734463276836158,0.4745762711864407,0.10734463276836158
2021-09-16,0.37222222222222223,0.6277777777777778,0.4777777777777778,0.15,0.4777777777777778,0.15
2021-09-17,0.37714285714285717,0.6228571428571429,0.5314285714285715,0.09142857142857143,0.5314285714285715,0.09142857142857143
2021-09-18,0.5306122448979592,0.46938775510204084,0.3877551020408163,0.08163265306122448,0.3877551020408163,0.08163265306122448
2021-09-19,0.6190476190476191,0.38095238095238093,0.29523809523809524,0.08571428571428572,0.29523809523809524,0.08571428571428572
2021-09-20,0.45161290322580644,0.5483870967741935,0.4377880184331797,0.11059907834101383,0.4377880184331797,0.11059907834101383
2021-09-21,0.3695652173913043,0.6304347826086957,0.5,0.13043478260869565,0.5,0.13043478260869565
2021-09-22,0.5338345864661654,0.46616541353383456,0.37593984962406013,0.09022556390977443,0.37593984962406013,0.09022556390977443
2021-09-23,0.4,0.6,0.5022222222222222,0.09777777777777778,0.5022222222222222,0.09777777777777778
2021-09-24,0.3924731182795699,0.6075268817204301,0.5376344086021505,0.06989247311827956,0.5376344086021505,0.06989247311827956
2021-09-25,0.5151515151515151,0.48484848484848486,0.4015151515151515,0.08333333333333333,0.4015151515151515,0.08333333333333333
2021-09-26,0.46226415094339623,0.5377358490566038,0.4339622641509434,0.10377358490566038,0.4339622641509434,0.10377358490566038
2021-09-27,0.45933014354066987,0.5406698564593302,0.4019138755980861,0.13875598086124402,0.4019138755980861,0.13875598086124402
2021-09-28,0.4372093023255814,0.5627906976744186,0.4604651162790698,0.10232558139534884,0.4604651162790698,0.10232558139534884
2021-09-29,0.43349753694581283,0.5665024630541872,0.49261083743842365,0.07389162561576355,0.49261083743842365,0.07389162561576355
2021-09-30,0.4782608695652174,0.5217391304347826,0.4057971014492754,0.11594202898550725,0.4057971014492754,0.11594202898550725
2021-10-01,0.4484536082474227,0.5515463917525774,0.4896907216494845,0.061855670103092786,0.4896907216494845,0.061855670103092786
2021-10-02,0.5740740740740741,0.42592592592592593,0.3333333333333333,0.09259259259259259,0.3333333333333333,0.09259259259259259
2021-10-03,0.5376344086021505,0.46236559139784944,0.3870967741935484,0.07526881720430108,0.3870967741935484,0.07526881720430108
2021-10-04,0.5527638190954773,0.4472361809045226,0.36683417085427134,0.08040201005025126,0.36683417085427134,0.08040201005025126
2021-10-05,0.4927536231884058,0.5072463768115942,0.4057971014492754,0.10144927536231885,0.4057971014492754,0.10144927536231885
2021-10-06,0.41578947368421054,0.5842105263157895,0.4368421052631579,0.14736842105263157,0.4368421052631579,0.14736842105263157
2021-10-07,0.3848797250859107,0.6151202749140894,0.45017182130584193,0.16494845360824742,0.45017182130584193,0.16494845360824742
2021-10-08,0.3419354838709677,0.6580645161290323,0.5516129032258065,0.1064516129032258,0.5516129032258065,0.1064516129032258
2021-10-09,0.38333333333333336,0.6166666666666667,0.525,0.09166666666666666,0.525,0.09166666666666666
2021-10-10,0.5673076923076923,0.4326923076923077,0.36538461538461536,0.0673076923076923,0.36538461538461536,0.0673076923076923
2021-10-11,0.3650190114068441,0.6349809885931559,0.5171102661596958,0.11787072243346007,0.5171102661596958,0.11787072243346007
2021-10-12,0.6844444444444444,0.31555555555555553,0.22444444444444445,0.09111111111111111,0.22444444444444445,0.09111111111111111
2021-10-13,0.508130081300813,0.491869918699187,0.42276422764227645,0.06910569105691057,0.42276422764227645,0.06910569105691057
2021-10-14,0.5296610169491526,0.4703389830508475,0.4025423728813559,0.06779661016949153,0.4025423728813559,0.06779661016949153
2021-10-15,0.45714285714285713,0.5428571428571428,0.46122448979591835,0.08163265306122448,0.46122448979591835,0.08163265306122448
2021-10-16,0.5075757575757576,0.49242424242424243,0.3939393939393939,0.09848484848484848,0.3939393939393939,0.09848484848484848
2021-10-17,0.49107142857142855,0.5089285714285714,0.42857142857142855,0.08035714285714286,0.42857142857142855,0.08035714285714286
2021-10-18,0.4204946996466431,0.5795053003533569,0.49823321554770317,0.0812720848056537,0.49823321554770317,0.0812720848056537
2021-10-19,0.46190476190476193,0.5380952380952381,0.44761904761904764,0.09047619047619047,0.44761904761904764,0.09047619047619047
2021-10-20,0.40948275862068967,0.5905172413793104,0.5043103448275862,0.08620689655172414,0.5043103448275862,0.08620689655172414
2021-10-21,0.4693140794223827,0.5306859205776173,0.4332129963898917,0.09747292418772563,0.4332129963898917,0.09747292418772563
2021-10-22,0.4688995215311005,0.5311004784688995,0.3923444976076555,0.13875598086124402,0.3923444976076555,0.13875598086124402
2021-10-23,0.4666666666666667,0.5333333333333333,0.4666666666666667,0.06666666666666667,0.4666666666666667,0.06666666666666667
2021-10-24,0.5922330097087378,0.4077669902912621,0.2912621359223301,0.11650485436893204,0.2912621359223301,0.11650485436893204
2021-10-25,0.5395189003436426,0.46048109965635736,0.3848797250859107,0.07560137457044673,0.3848797250859107,0.07560137457044673
2021-10-26,0.515748031496063,0.484251968503937,0.3661417322834646,0.11811023622047244,0.3661417322834646,0.11811023622047244
2021-10-27,0.45491803278688525,0.5450819672131147,0.45491803278688525,0.09016393442622951,0.45491803278688525,0.09016393442622951
2021-10-28,0.43333333333333335,0.5666666666666667,0.4714285714285714,0.09523809523809523,0.4714285714285714,0.09523809523809523
2021-10-29,0.4314516129032258,0.5685483870967742,0.5080645161290323,0.06048387096774194,0.5080645161290323,0.06048387096774194
2021-10-30,0.44,0.56,0.44,0.12,0.44,0.12
2021-10-31,0.4953271028037383,0.5046728971962616,0.3925233644859813,0.11214953271028037,0.3925233644859813,0.11214953271028037
2021-11-01,0.46543778801843316,0.5345622119815668,0.4377880184331797,0.0967741935483871,0.4377880184331797,0.0967741935483871
2021-11-02,0.45023696682464454,0.5497630331753555,0.4597156398104265,0.09004739336492891,0.4597156398104265,0.09004739336492891
2021-11-03,0.5315315315315315,0.46846846846846846,0.3963963963963964,0.07207207207207207,0.3963963963963964,0.07207207207207207
2021-11-04,0.5046728971962616,0.4953271028037383,0.3925233644859813,0.102803738317757,0.3925233644859813,0.102803738317757
2021-11-05,0.4146341463414634,0.5853658536585366,0.483739837398374,0.1016260162601626,0.483739837398374,0.1016260162601626
2021-11-06,0.5405405405405406,0.4594594594594595,0.38738738738738737,0.07207207207207207,0.38738738738738737,0.07207207207207207
2021-11-07,0.5274725274725275,0.4725274725274725,0.34065934065934067,0.13186813186813187,0.34065934065934067,0.13186813186813187
2021-11-08,0.4791666666666667,0.5208333333333334,0.425,0.09583333333333334,0.425,0.09583333333333334
2021-11-09,0.39906103286384975,0.6009389671361502,0.5352112676056338,0.06572769953051644,0.5352112676056338,0.06572769953051644
2021-11-10,0.48148148148148145,0.5185185185185185,0.4351851851851852,0.08333333333333333,0.4351851851851852,0.08333333333333333
2021-11-11,0.44976076555023925,0.5502392344497608,0.47368421052631576,0.07655502392344497,0.47368421052631576,0.07655502392344497
2021-11-12,0.4221105527638191,0.5778894472361809,0.457286432160804,0.12060301507537688,0.457286432160804,0.12060301507537688
2021-11-13,0.48695652173913045,0.5130434782608696,0.4,0.11304347826086956,0.4,0.11304347826086956
2021-11-14,0.594059405940594,0.40594059405940597,0.32673267326732675,0.07920792079207921,0.32673267326732675,0.07920792079207921
2021-11-15,0.39316239316239315,0.6068376068376068,0.5,0.10683760683760683,0.5,0.10683760683760683
2021-11-16,0.579185520361991,0.42081447963800905,0.3438914027149321,0.07692307692307693,0.3438914027149321,0.07692307692307693
2021-11-17,0.5022222222222222,0.49777777777777776,0.43555555555555553,0.06222222222222222,0.43555555555555553,0.06222222222222222
2021-11-18,0.35751295336787564,0.6424870466321243,0.533678756476684,0.10880829015544041,0.533678756476684,0.10880829015544041
2021-11-19,0.43612334801762115,0.5638766519823789,0.44052863436123346,0.12334801762114538,0.44052863436123346,0.12334801762114538
2021-11-20,0.4657534246575342,0.5342465753424658,0.4383561643835616,0.0958904109589041,0.4383561643835616,0.0958904109589041
2021-11-21,0.4909090909090909,0.509090909090909,0.38181818181818183,0.12727272727272726,0.38181818181818183,0.12727272727272726
2021-11-22,0.41350210970464135,0.5864978902953587,0.5232067510548524,0.06329113924050633,0.5232067510548524,0.06329113924050633
2021-11-23,0.5901060070671378,0.4098939929328622,0.3498233215547703,0.06007067137809187,0.3498233215547703,0.06007067137809187
2021-11-24,0.5194805194805194,0.4805194805194805,0.38961038961038963,0.09090909090909091,0.38961038961038963,0.09090909090909091
2021-11-25,0.4772727272727273,0.5227272727272727,0.39285714285714285,0.12987012987012986,0.39285714285714285,0.12987012987012986
2021-11-26,0.396,0.604,0.492,0.112,0.492,0.112
2021-11-27,0.503030303030303,0.49696969696969695,0.3393939393939394,0.15757575757575756,0.3393939393939394,0.15757575757575756
2021-11-28,0.5370370370370371,0.46296296296296297,0.35185185185185186,0.1111111111111111,0.35185185185185186,0.1111111111111111
2021-11-29,0.3824561403508772,0.6175438596491228,0.5017543859649123,0.11578947368421053,0.5017543859649123,0.11578947368421053
2021-11-30,0.4530612244897959,0.5469387755102041,0.46530612244897956,0.08163265306122448,0.46530612244897956,0.08163265306122448
2021-12-01,0.4444444444444444,0.5555555555555556,0.4675925925925926,0.08796296296296297,0.4675925925925926,0.08796296296296297
2021-12-02,0.5569620253164557,0.4430379746835443,0.4008438818565401,0.04219409282700422,0.4008438818565401,0.04219409282700422
2021-12-03,0.4901185770750988,0.5098814229249012,0.41106719367588934,0.09881422924901186,0.41106719367588934,0.09881422924901186
2021-12-04,0.5033112582781457,0.4966887417218543,0.37748344370860926,0.11920529801324503,0.37748344370860926,0.11920529801324503
2021-12-05,0.609375,0.390625,0.3515625,0.0390625,0.3515625,0.0390625
2021-12-06,0.4493927125506073,0.5506072874493927,0.44129554655870445,0.10931174089068826,0.44129554655870445,0.10931174089068826
2021-12-07,0.4637223974763407,0.5362776025236593,0.41324921135646686,0.12302839116719243,0.41324921135646686,0.12302839116719243
2021-12-08,0.45977011494252873,0.5402298850574713,0.3946360153256705,0.14559386973180077,0.3946360153256705,0.14559386973180077
2021-12-09,0.4823529411764706,0.5176470588235295,0.43137254901960786,0.08627450980392157,0.43137254901960786,0.08627450980392157
2021-12-10,0.4549019607843137,0.5450980392156862,0.4745098039215686,0.07058823529411765,0.4745098039215686,0.07058823529411765
2021-12-11,0.5185185185185185,0.48148148148148145,0.345679012345679,0.13580246913580246,0.345679012345679,0.13580246913580246
2021-12-12,0.4953271028037383,0.5046728971962616,0.37383177570093457,0.1308411214953271,0.37383177570093457,0.1308411214953271
2021-12-13,0.422680412371134,0.5773195876288659,0.45017182130584193,0.12714776632302405,0.45017182130584193,0.12714776632302405
2021-12-14,0.3651877133105802,0.6348122866894198,0.4778156996587031,0.15699658703071673,0.4778156996587031,0.15699658703071673
2021-12-15,0.46124031007751937,0.5387596899224806,0.4496124031007752,0.08914728682170543,0.4496124031007752,0.08914728682170543
2021-12-16,0.4275618374558304,0.5724381625441696,0.4911660777385159,0.0812720848056537,0.4911660777385159,0.0812720848056537
2021-12-17,0.42857142857142855,0.5714285714285714,0.44537815126050423,0.12605042016806722,0.44537815126050423,0.12605042016806722
2021-12-18,0.477124183006536,0.5228758169934641,0.43790849673202614,0.08496732026143791,0.43790849673202614,0.08496732026143791
2021-12-19,0.47413793103448276,0.5258620689655172,0.3706896551724138,0.15517241379310345,0.3706896551724138,0.15517241379310345
2021-12-20,0.5753715498938429,0.42462845010615713,0.346072186836518,0.07855626326963906,0.346072186836518,0.07855626326963906
2021-12-21,0.49575070821529743,0.5042492917847026,0.43342776203966005,0.0708215297450425,0.43342776203966005,0.0708215297450425
2021-12-22,0.46449704142011833,0.5355029585798816,0.41420118343195267,0.12130177514792899,0.41420118343195267,0.12130177514792899
2021-12-23,0.44244604316546765,0.5575539568345323,0.46402877697841727,0.09352517985611511,0.46402877697841727,0.09352517985611511
2021-12-24,0.4956521739130435,0.5043478260869565,0.391304347826087,0.11304347826086956,0.391304347826087,0.11304347826086956
2021-12-25,0.66,0.34,0.1,0.24,0.1,0.24
2021-12-26,0.5363636363636364,0.4636363636363636,0.41818181818181815,0.045454545454545456,0.41818181818181815,0.045454545454545456
2021-12-27,0.5510204081632653,0.4489795918367347,0.3622448979591837,0.08673469387755102,0.3622448979591837,0.08673469387755102
2021-12-28,0.48514851485148514,0.5148514851485149,0.400990099009901,0.11386138613861387,0.400990099009901,0.11386138613861387
2021-12-29,0.4,0.6,0.45454545454545453,0.14545454545454545,0.45454545454545453,0.14545454545454545
2021-12-30,0.45016077170418006,0.5498392282958199,0.4565916398713826,0.0932475884244373,0.4565916398713826,0.0932475884244373
2021-12-31,0.3930635838150289,0.6069364161849711,0.48554913294797686,0.12138728323699421,0.48554913294797686,0.12138728323699421
2022-01-01,0.8108108108108109,0.1891891891891892,0.02702702702702703,0.16216216216216217,0.02702702702702703,0.16216216216216217
2022-01-02,0.5520833333333334,0.4479166666666667,0.3958333333333333,0.052083333333333336,0.3958333333333333,0.052083333333333336
2022-01-03,0.512987012987013,0.487012987012987,0.36363636363636365,0.12337662337662338,0.36363636363636365,0.12337662337662338
2022-01-04,0.3875968992248062,0.6124031007751938,0.5387596899224806,0.07364341085271318,0.5387596899224806,0.07364341085271318
2022-01-05,0.45454545454545453,0.5454545454545454,0.4505928853754941,0.09486166007905138,0.4505928853754941,0.09486166007905138
2022-01-06,0.4807692307692308,0.5192307692307693,0.4519230769230769,0.0673076923076923,0.4519230769230769,0.0673076923076923
2022-01-07,0.46153846153846156,0.5384615384615384,0.4117647058823529,0.12669683257918551,0.4117647058823529,0.12669683257918551
2022-01-08,0.47101449275362317,0.5289855072463768,0.42028985507246375,0.10869565217391304,0.42028985507246375,0.10869565217391304
2022-01-09,0.5238095238095238,0.47619047619047616,0.39285714285714285,0.08333333333333333,0.39285714285714285,0.08333333333333333
2022-01-10,0.4645669291338583,0.5354330708661418,0.41732283464566927,0.11811023622047244,0.41732283464566927,0.11811023622047244
2022-01-11,0.4549763033175355,0.5450236966824644,0.4786729857819905,0.06635071090047394,0.4786729857819905,0.06635071090047394
2022-01-12,0.4834710743801653,0.5165289256198347,0.4256198347107438,0.09090909090909091,0.4256198347107438,0.09090909090909091
2022-01-13,0.42990654205607476,0.5700934579439252,0.4485981308411215,0.12149532710280374,0.4485981308411215,0.12149532710280374
2022-01-14,0.3364485981308411,0.6635514018691588,0.5420560747663551,0.12149532710280374,0.5420560747663551,0.12149532710280374
2022-01-15,0.47368421052631576,0.5263157894736842,0.39849624060150374,0.12781954887218044,0.39849624060150374,0.12781954887218044
2022-01-16,0.5588235294117647,0.4411764705882353,0.3627450980392157,0.0784313725490196,0.3627450980392157,0.0784313725490196
2022-01-17,0.425,0.575,0.4875,0.0875,0.4875,0.0875
2022-01-18,0.46153846153846156,0.5384615384615384,0.452991452991453,0.08547008547008547,0.452991452991453,0.08547008547008547
2022-01-19,0.44047619047619047,0.5595238095238095,0.45634920634920634,0.10317460317460317,0.45634920634920634,0.10317460317460317
2022-01-20,0.44150943396226416,0.5584905660377358,0.4528301886792453,0.10566037735849057,0.4528301886792453,0.10566037735849057
2022-01-21,0.42745098039215684,0.5725490196078431,0.44313725490196076,0.12941176470588237,0.44313725490196076,0.12941176470588237
2022-01-22,0.48366013071895425,0.5163398692810458,0.41830065359477125,0.09803921568627451,0.41830065359477125,0.09803921568627451
2022-01-23,0.5256410256410257,0.47435897435897434,0.3717948717948718,0.10256410256410256,0.3717948717948718,0.10256410256410256
2022-01-24,0.43448275862068964,0.5655172413793104,0.43448275862068964,0.1310344827586207,0.43448275862068964,0.1310344827586207
2022-01-25,0.437984496124031,0.562015503875969,0.46511627906976744,0.09689922480620156,0.46511627906976744,0.09689922480620156
2022-01-26,0.4483985765124555,0.5516014234875445,0.4199288256227758,0.13167259786476868,0.4199288256227758,0.13167259786476868
2022-01-27,0.4468864468864469,0.5531135531135531,0.46886446886446886,0.08424908424908426,0.46886446886446886,0.08424908424908426
2022-01-28,0.41379310344827586,0.5862068965517241,0.4674329501915709,0.11877394636015326,0.4674329501915709,0.11877394636015326
2022-01-29,0.5378787878787878,0.4621212121212121,0.3409090909090909,0.12121212121212122,0.3409090909090909,0.12121212121212122
2022-01-30,0.6,0.4,0.30833333333333335,0.09166666666666666,0.30833333333333335,0.09166666666666666
2022-01-31,0.4528985507246377,0.5471014492753623,0.45652173913043476,0.09057971014492754,0.45652173913043476,0.09057971014492754
2022-02-01,0.44036697247706424,0.5596330275229358,0.48623853211009177,0.07339449541284404,0.48623853211009177,0.07339449541284404
2022-02-02,0.4609053497942387,0.5390946502057613,0.4279835390946502,0.1111111111111111,0.4279835390946502,0.1111111111111111
2022-02-03,0.4419642857142857,0.5580357142857143,0.45535714285714285,0.10267857142857142,0.45535714285714285,0.10267857142857142
2022-02-04,0.3590733590733591,0.640926640926641,0.4749034749034749,0.16602316602316602,0.4749034749034749,0.16602316602316602
2022-02-05,0.5,0.5,0.38461538461538464,0.11538461538461539,0.38461538461538464,0.11538461538461539
2022-02-06,0.5454545454545454,0.45454545454545453,0.35353535353535354,0.10101010101010101,0.35353535353535354,0.10101010101010101
2022-02-07,0.4715447154471545,0.5284552845528455,0.3983739837398374,0.13008130081300814,0.3983739837398374,0.13008130081300814
2022-02-08,0.39015151515151514,0.6098484848484849,0.48863636363636365,0.12121212121212122,0.48863636363636365,0.12121212121212122
2022-02-09,0.44398340248962653,0.5560165975103735,0.45228215767634855,0.1037344398340249,0.45228215767634855,0.1037344398340249
2022-02-10,0.41732283464566927,0.5826771653543307,0.47244094488188976,0.11023622047244094,0.47244094488188976,0.11023622047244094
2022-02-11,0.35526315789473684,0.6447368421052632,0.543859649122807,0.10087719298245613,0.543859649122807,0.10087719298245613
2022-02-12,0.5106382978723404,0.48936170212765956,0.41843971631205673,0.07092198581560284,0.41843971631205673,0.07092198581560284
2022-02-13,0.5,0.5,0.40384615384615385,0.09615384615384616,0.40384615384615385,0.09615384615384616
2022-02-14,0.47107438016528924,0.5289256198347108,0.4214876033057851,0.10743801652892562,0.4214876033057851,0.10743801652892562
2022-02-15,0.4020100502512563,0.5979899497487438,0.47738693467336685,0.12060301507537688,0.47738693467336685,0.12060301507537688
2022-02-16,0.466403162055336,0.5335968379446641,0.4624505928853755,0.07114624505928854,0.4624505928853755,0.07114624505928854
2022-02-17,0.4345991561181435,0.5654008438818565,0.45569620253164556,0.10970464135021098,0.45569620253164556,0.10970464135021098
2022-02-18,0.3941908713692946,0.6058091286307054,0.48132780082987553,0.12448132780082988,0.48132780082987553,0.12448132780082988
2022-02-19,0.4420289855072464,0.5579710144927537,0.4057971014492754,0.15217391304347827,0.4057971014492754,0.15217391304347827
2022-02-20,0.5,0.5,0.3854166666666667,0.11458333333333333,0.3854166666666667,0.11458333333333333
2022-02-21,0.42704626334519574,0.5729537366548043,0.46619217081850534,0.10676156583629894,0.46619217081850534,0.10676156583629894
2022-02-22,0.47265625,0.52734375,0.43359375,0.09375,0.43359375,0.09375
2022-02-23,0.4197080291970803,0.5802919708029197,0.4708029197080292,0.10948905109489052,0.4708029197080292,0.10948905109489052
2022-02-24,0.4635036496350365,0.5364963503649635,0.4197080291970803,0.11678832116788321,0.4197080291970803,0.11678832116788321
2022-02-25,0.4110169491525424,0.5889830508474576,0.4830508474576271,0.1059322033898305,0.4830508474576271,0.1059322033898305
2022-02-26,0.5496688741721855,0.4503311258278146,0.33112582781456956,0.11920529801324503,0.33112582781456956,0.11920529801324503
2022-02-27,0.45714285714285713,0.5428571428571428,0.42857142857142855,0.11428571428571428,0.42857142857142855,0.11428571428571428
2022-02-28,0.45977011494252873,0.5402298850574713,0.4559386973180077,0.0842911877394636,0.4559386973180077,0.0842911877394636
2022-03-01,0.460093896713615,0.539906103286385,0.41784037558685444,0.12206572769953052,0.41784037558685444,0.12206572769953052
2022-03-02,0.4260089686098655,0.5739910313901345,0.4663677130044843,0.10762331838565023,0.4663677130044843,0.10762331838565023
2022-03-03,0.46099290780141844,0.5390070921985816,0.48936170212765956,0.04964539007092199,0.48936170212765956,0.04964539007092199
2022-03-04,0.468503937007874,0.531496062992126,0.4409448818897638,0.09055118110236221,0.4409448818897638,0.09055118110236221
2022-03-05,0.5916666666666667,0.4083333333333333,0.325,0.08333333333333333,0.325,0.08333333333333333
2022-03-06,0.5,0.5,0.4024390243902439,0.0975609756097561,0.4024390243902439,0.0975609756097561
2022-03-07,0.49808429118773945,0.5019157088122606,0.4559386973180077,0.04597701149425287,0.4559386973180077,0.04597701149425287
2022-03-08,0.4756554307116105,0.5243445692883895,0.3895131086142322,0.1348314606741573,0.3895131086142322,0.1348314606741573
2022-03-09,0.42574257425742573,0.5742574257425742,0.4504950495049505,0.12376237623762376,0.4504950495049505,0.12376237623762376
2022-03-10,0.5147540983606558,0.4852459016393443,0.35081967213114756,0.13442622950819672,0.35081967213114756,0.13442622950819672
2022-03-11,0.48562300319488816,0.5143769968051118,0.3769968051118211,0.13738019169329074,0.3769968051118211,0.13738019169329074
2022-03-12,0.5443786982248521,0.4556213017751479,0.378698224852071,0.07692307692307693,0.378698224852071,0.07692307692307693
2022-03-13,0.46956521739130436,0.5304347826086957,0.4,0.13043478260869565,0.4,0.13043478260869565
2022-03-14,0.44816053511705684,0.5518394648829431,0.45819397993311034,0.09364548494983277,0.45819397993311034,0.09364548494983277
2022-03-15,0.44528301886792454,0.5547169811320755,0.44150943396226416,0.11320754716981132,0.44150943396226416,0.11320754716981132
2022-03-16,0.46366782006920415,0.5363321799307958,0.40484429065743943,0.1314878892733564,0.40484429065743943,0.1314878892733564
2022-03-17,0.546742209631728,0.45325779036827196,0.37960339943342775,0.07365439093484419,0.37960339943342775,0.07365439093484419
2022-03-18,0.4792332268370607,0.5207667731629393,0.4217252396166134,0.09904153354632587,0.4217252396166134,0.09904153354632587
2022-03-19,0.5748502994011976,0.4251497005988024,0.3413173652694611,0.08383233532934131,0.3413173652694611,0.08383233532934131
2022-03-20,0.5461538461538461,0.45384615384615384,0.3076923076923077,0.14615384615384616,0.3076923076923077,0.14615384615384616
2022-03-21,0.5,0.5,0.39556962025316456,0.10443037974683544,0.39556962025316456,0.10443037974683544
2022-03-22,0.506896551724138,0.49310344827586206,0.3758620689655172,0.11724137931034483,0.3758620689655172,0.11724137931034483
2022-03-23,0.45517241379310347,0.5448275862068965,0.4413793103448276,0.10344827586206896,0.4413793103448276,0.10344827586206896
2022-03-24,0.46689895470383275,0.5331010452961672,0.4355400696864111,0.0975609756097561,0.4355400696864111,0.0975609756097561
2022-03-25,0.4669421487603306,0.5330578512396694,0.43388429752066116,0.09917355371900827,0.43388429752066116,0.09917355371900827
2022-03-26,0.46099290780141844,0.5390070921985816,0.3829787234042553,0.15602836879432624,0.3829787234042553,0.15602836879432624
2022-03-27,0.504950495049505,0.49504950495049505,0.37623762376237624,0.1188118811881188,0.37623762376237624,0.1188118811881188
2022-03-28,0.4338235294117647,0.5661764705882353,0.4227941176470588,0.14338235294117646,0.4227941176470588,0.14338235294117646
2022-03-29,0.4083969465648855,0.5916030534351145,0.4618320610687023,0.1297709923664122,0.4618320610687023,0.1297709923664122
2022-03-30,0.5018181818181818,0.49818181818181817,0.41454545454545455,0.08363636363636363,0.41454545454545455,0.08363636363636363
2022-03-31,0.46360153256704983,0.5363984674329502,0.41762452107279696,0.11877394636015326,0.41762452107279696,0.11877394636015326
2022-04-01,0.4553191489361702,0.5446808510638298,0.4085106382978723,0.13617021276595745,0.4085106382978723,0.13617021276595745
2022-04-02,0.4418604651162791,0.5581395348837209,0.4728682170542636,0.08527131782945736,0.4728682170542636,0.08527131782945736
2022-04-03,0.61,0.39,0.3,0.09,0.3,0.09
2022-04-04,0.452991452991453,0.5470085470085471,0.4230769230769231,0.12393162393162394,0.4230769230769231,0.12393162393162394
2022-04-05,0.4642857142857143,0.5357142857142857,0.4365079365079365,0.0992063492063492,0.4365079365079365,0.0992063492063492
2022-04-06,0.4549763033175355,0.5450236966824644,0.4312796208530806,0.11374407582938388,0.4312796208530806,0.11374407582938388
2022-04-07,0.48325358851674644,0.5167464114832536,0.41148325358851673,0.10526315789473684,0.41148325358851673,0.10526315789473684
2022-04-08,0.45614035087719296,0.543859649122807,0.4473684210526316,0.09649122807017543,0.4473684210526316,0.09649122807017543
2022-04-09,0.5095541401273885,0.49044585987261147,0.43312101910828027,0.05732484076433121,0.43312101910828027,0.05732484076433121
2022-04-10,0.5327102803738317,0.4672897196261682,0.3177570093457944,0.14953271028037382,0.3177570093457944,0.14953271028037382
2022-04-11,0.5078740157480315,0.4921259842519685,0.38976377952755903,0.10236220472440945,0.38976377952755903,0.10236220472440945
2022-04-12,0.42738589211618255,0.5726141078838174,0.4315352697095436,0.14107883817427386,0.4315352697095436,0.14107883817427386
2022-04-13,0.38016528925619836,0.6198347107438017,0.44214876033057854,0.17768595041322313,0.44214876033057854,0.17768595041322313
2022-04-14,0.4461538461538462,0.5538461538461539,0.4423076923076923,0.11153846153846154,0.4423076923076923,0.11153846153846154
2022-04-15,0.4117647058823529,0.5882352941176471,0.4852941176470588,0.10294117647058823,0.4852941176470588,0.10294117647058823
2022-04-16,0.42483660130718953,0.5751633986928104,0.46405228758169936,0.1111111111111111,0.46405228758169936,0.1111111111111111
2022-04-17,0.5106382978723404,0.48936170212765956,0.2978723404255319,0.19148936170212766,0.2978723404255319,0.19148936170212766
2022-04-18,0.4415204678362573,0.5584795321637427,0.4269005847953216,0.13157894736842105,0.4269005847953216,0.13157894736842105
2022-04-19,0.5681818181818182,0.4318181818181818,0.3181818181818182,0.11363636363636363,0.3181818181818182,0.11363636363636363
2022-04-20,0.42671009771986973,0.5732899022801303,0.4592833876221498,0.11400651465798045,0.4592833876221498,0.11400651465798045
2022-04-21,0.41403508771929826,0.5859649122807018,0.48771929824561405,0.09824561403508772,0.48771929824561405,0.09824561403508772
2022-04-22,0.5502958579881657,0.44970414201183434,0.28402366863905326,0.16568047337278108,0.28402366863905326,0.16568047337278108
2022-04-23,0.38095238095238093,0.6190476190476191,0.47619047619047616,0.14285714285714285,0.47619047619047616,0.14285714285714285
2022-04-24,0.7916666666666666,0.20833333333333334,0.08333333333333333,0.125,0.08333333333333333,0.125
2022-04-25,0.5804597701149425,0.41954022988505746,0.3045977011494253,0.11494252873563218,0.3045977011494253,0.11494252873563218
2022-04-26,0.4713375796178344,0.5286624203821656,0.4394904458598726,0.08917197452229299,0.4394904458598726,0.08917197452229299
2022-04-27,0.4674922600619195,0.5325077399380805,0.4179566563467492,0.11455108359133127,0.4179566563467492,0.11455108359133127
2022-04-28,0.451505016722408,0.5484949832775919,0.46488294314381273,0.08361204013377926,0.46488294314381273,0.08361204013377926
2022-04-29,0.3974358974358974,0.6025641025641025,0.5,0.10256410256410256,0.5,0.10256410256410256
2022-04-30,0.49056603773584906,0.5094339622641509,0.33962264150943394,0.16981132075471697,0.33962264150943394,0.16981132075471697
2022-05-01,0.5887850467289719,0.411214953271028,0.2897196261682243,0.12149532710280374,0.2897196261682243,0.12149532710280374
2022-05-02,0.5107913669064749,0.4892086330935252,0.3381294964028777,0.1510791366906475,0.3381294964028777,0.1510791366906475
2022-05-03,0.4074074074074074,0.5925925925925926,0.4567901234567901,0.13580246913580246,0.4567901234567901,0.13580246913580246
2022-05-04,0.3728813559322034,0.6271186440677966,0.4915254237288136,0.13559322033898305,0.4915254237288136,0.13559322033898305
2022-05-05,0.4377104377104377,0.5622895622895623,0.43097643097643096,0.13131313131313133,0.43097643097643096,0.13131313131313133
2022-05-06,0.4966887417218543,0.5033112582781457,0.3973509933774834,0.10596026490066225,0.3973509933774834,0.10596026490066225
2022-05-07,0.512,0.488,0.384,0.104,0.384,0.104
2022-05-08,0.5757575757575758,0.42424242424242425,0.31313131313131315,0.1111111111111111,0.31313131313131315,0.1111111111111111
2022-05-09,0.47547169811320755,0.5245283018867924,0.39622641509433965,0.12830188679245283,0.39622641509433965,0.12830188679245283
2022-05-10,0.44891640866873067,0.5510835913312694,0.43962848297213625,0.11145510835913312,0.43962848297213625,0.11145510835913312
2022-05-11,0.4681647940074906,0.5318352059925093,0.40823970037453183,0.12359550561797752,0.40823970037453183,0.12359550561797752
2022-05-12,0.4290657439446367,0.5709342560553633,0.46366782006920415,0.10726643598615918,0.46366782006920415,0.10726643598615918
2022-05-13,0.4961832061068702,0.5038167938931297,0.40458015267175573,0.09923664122137404,0.40458015267175573,0.09923664122137404
2022-05-14,0.42771084337349397,0.572289156626506,0.463855421686747,0.10843373493975904,0.463855421686747,0.10843373493975904
2022-05-15,0.6078431372549019,0.39215686274509803,0.28431372549019607,0.10784313725490197,0.28431372549019607,0.10784313725490197
2022-05-16,0.4726027397260274,0.5273972602739726,0.410958904109589,0.11643835616438356,0.410958904109589,0.11643835616438356
2022-05-17,0.5227882037533512,0.4772117962466488,0.3324396782841823,0.1447721179624665,0.3324396782841823,0.1447721179624665
2022-05-18,0.449438202247191,0.550561797752809,0.39325842696629215,0.15730337078651685,0.39325842696629215,0.15730337078651685
2022-05-19,0.3885135135135135,0.6114864864864865,0.4864864864864865,0.125,0.4864864864864865,0.125
2022-05-20,0.3916349809885932,0.6083650190114068,0.4752851711026616,0.13307984790874525,0.4752851711026616,0.13307984790874525
2022-05-21,0.5251396648044693,0.4748603351955307,0.39106145251396646,0.08379888268156424,0.39106145251396646,0.08379888268156424
2022-05-22,0.5169491525423728,0.4830508474576271,0.3305084745762712,0.15254237288135594,0.3305084745762712,0.15254237288135594
2022-05-23,0.43283582089552236,0.5671641791044776,0.4746268656716418,0.09253731343283582,0.4746268656716418,0.09253731343283582
2022-05-24,0.5192307692307693,0.4807692307692308,0.36538461538461536,0.11538461538461539,0.36538461538461536,0.11538461538461539
2022-05-25,0.4261168384879725,0.5738831615120275,0.4536082474226804,0.12027491408934708,0.4536082474226804,0.12027491408934708
2022-05-26,0.4155405405405405,0.5844594594594594,0.46959459459459457,0.11486486486486487,0.46959459459459457,0.11486486486486487
2022-05-27,0.42023346303501946,0.5797665369649806,0.4708171206225681,0.10894941634241245,0.4708171206225681,0.10894941634241245
2022-05-28,0.5157232704402516,0.48427672955974843,0.36477987421383645,0.11949685534591195,0.36477987421383645,0.11949685534591195
2022-05-29,0.5075757575757576,0.49242424242424243,0.3712121212121212,0.12121212121212122,0.3712121212121212,0.12121212121212122
2022-05-30,0.40762463343108507,0.592375366568915,0.4662756598240469,0.12609970674486803,0.4662756598240469,0.12609970674486803
2022-05-31,0.46956521739130436,0.5304347826086957,0.42028985507246375,0.11014492753623188,0.42028985507246375,0.11014492753623188
2022-06-01,0.466403162055336,0.5335968379446641,0.4189723320158103,0.11462450592885376,0.4189723320158103,0.11462450592885376
2022-06-02,0.44583333333333336,0.5541666666666667,0.4583333333333333,0.09583333333333334,0.4583333333333333,0.09583333333333334
2022-06-03,0.4641509433962264,0.5358490566037736,0.4,0.13584905660377358,0.4,0.13584905660377358
2022-06-04,0.5,0.5,0.3372093023255814,0.16279069767441862,0.3372093023255814,0.16279069767441862
2022-06-05,0.4727272727272727,0.5272727272727272,0.37272727272727274,0.15454545454545454,0.37272727272727274,0.15454545454545454
2022-06-06,0.3983739837398374,0.6016260162601627,0.4959349593495935,0.10569105691056911,0.4959349593495935,0.10569105691056911
2022-06-07,0.491869918699187,0.508130081300813,0.37398373983739835,0.13414634146341464,0.37398373983739835,0.13414634146341464
2022-06-08,0.47104247104247104,0.528957528957529,0.38996138996138996,0.138996138996139,0.38996138996138996,0.138996138996139
2022-06-09,0.41923076923076924,0.5807692307692308,0.47692307692307695,0.10384615384615385,0.47692307692307695,0.10384615384615385
2022-06-10,0.42276422764227645,0.5772357723577236,0.491869918699187,0.08536585365853659,0.491869918699187,0.08536585365853659
2022-06-11,0.477124183006536,0.5228758169934641,0.4117647058823529,0.1111111111111111,0.4117647058823529,0.1111111111111111
2022-06-12,0.6403508771929824,0.35964912280701755,0.2543859649122807,0.10526315789473684,0.2543859649122807,0.10526315789473684
2022-06-13,0.45161290322580644,0.5483870967741935,0.44193548387096776,0.1064516129032258,0.44193548387096776,0.1064516129032258
2022-06-14,0.41304347826086957,0.5869565217391305,0.5,0.08695652173913043,0.5,0.08695652173913043
2022-06-15,0.424,0.576,0.452,0.124,0.452,0.124
2022-06-16,0.45112781954887216,0.5488721804511278,0.40225563909774437,0.14661654135338345,0.40225563909774437,0.14661654135338345
2022-06-17,0.45588235294117646,0.5441176470588235,0.375,0.16911764705882354,0.375,0.16911764705882354
2022-06-18,0.5338345864661654,0.46616541353383456,0.3458646616541353,0.12030075187969924,0.3458646616541353,0.12030075187969924
2022-06-19,0.472,0.528,0.376,0.152,0.376,0.152
2022-06-20,0.41839762611275966,0.5816023738872403,0.4332344213649852,0.14836795252225518,0.4332344213649852,0.14836795252225518
2022-06-21,0.41132075471698115,0.5886792452830188,0.46037735849056605,0.12830188679245283,0.46037735849056605,0.12830188679245283
2022-06-22,0.5423728813559322,0.4576271186440678,0.38305084745762713,0.07457627118644068,0.38305084745762713,0.07457627118644068
2022-06-23,0.4828897338403042,0.5171102661596958,0.4220532319391635,0.09505703422053231,0.4220532319391635,0.09505703422053231
2022-06-24,0.4482758620689655,0.5517241379310345,0.41762452107279696,0.13409961685823754,0.41762452107279696,0.13409961685823754
2022-06-25,0.42424242424242425,0.5757575757575758,0.38181818181818183,0.19393939393939394,0.38181818181818183,0.19393939393939394
2022-06-26,0.6,0.4,0.26956521739130435,0.13043478260869565,0.26956521739130435,0.13043478260869565
2022-06-27,0.4269340974212034,0.5730659025787965,0.46418338108882523,0.10888252148997135,0.46418338108882523,0.10888252148997135
2022-06-28,0.4486301369863014,0.5513698630136986,0.410958904109589,0.1404109589041096,0.410958904109589,0.1404109589041096
2022-06-29,0.43478260869565216,0.5652173913043478,0.427536231884058,0.13768115942028986,0.427536231884058,0.13768115942028986
2022-06-30,0.49110320284697506,0.5088967971530249,0.35587188612099646,0.15302491103202848,0.35587188612099646,0.15302491103202848
2022-07-01,0.43548387096774194,0.5645161290322581,0.45161290322580644,0.11290322580645161,0.45161290322580644,0.11290322580645161
2022-07-02,0.4846153846153846,0.5153846153846153,0.4,0.11538461538461539,0.4,0.11538461538461539
2022-07-03,0.5321100917431193,0.46788990825688076,0.3302752293577982,0.13761467889908258,0.3302752293577982,0.13761467889908258
2022-07-04,0.4292237442922374,0.5707762557077626,0.4429223744292237,0.1278538812785388,0.4429223744292237,0.1278538812785388
2022-07-05,0.43410852713178294,0.5658914728682171,0.3953488372093023,0.17054263565891473,0.3953488372093023,0.17054263565891473
2022-07-06,0.40444444444444444,0.5955555555555555,0.47555555555555556,0.12,0.47555555555555556,0.12
2022-07-07,0.45569620253164556,0.5443037974683544,0.4641350210970464,0.08016877637130802,0.4641350210970464,0.08016877637130802
2022-07-08,0.39166666666666666,0.6083333333333333,0.4875,0.12083333333333333,0.4875,0.12083333333333333
2022-07-09,0.43312101910828027,0.5668789808917197,0.4012738853503185,0.16560509554140126,0.4012738853503185,0.16560509554140126
2022-07-10,0.5909090909090909,0.4090909090909091,0.23636363636363636,0.17272727272727273,0.23636363636363636,0.17272727272727273
2022-07-11,0.41754385964912283,0.5824561403508772,0.4280701754385965,0.1543859649122807,0.4280701754385965,0.1543859649122807
2022-07-12,0.4024896265560166,0.5975103734439834,0.45643153526970953,0.14107883817427386,0.45643153526970953,0.14107883817427386
2022-07-13,0.4308300395256917,0.5691699604743083,0.4426877470355731,0.12648221343873517,0.4426877470355731,0.12648221343873517
2022-07-14,0.39819004524886875,0.6018099547511312,0.4796380090497738,0.12217194570135746,0.4796380090497738,0.12217194570135746
2022-07-15,0.4125560538116592,0.5874439461883408,0.47085201793721976,0.11659192825112108,0.47085201793721976,0.11659192825112108
2022-07-16,0.48322147651006714,0.5167785234899329,0.37583892617449666,0.14093959731543623,0.37583892617449666,0.14093959731543623
2022-07-17,0.5806451612903226,0.41935483870967744,0.3225806451612903,0.0967741935483871,0.3225806451612903,0.0967741935483871
2022-07-18,0.424812030075188,0.575187969924812,0.46616541353383456,0.10902255639097744,0.46616541353383456,0.10902255639097744
2022-07-19,0.5102040816326531,0.4897959183673469,0.35034013605442177,0.13945578231292516,0.35034013605442177,0.13945578231292516
2022-07-20,0.5239616613418531,0.476038338658147,0.3961661341853035,0.07987220447284345,0.3961661341853035,0.07987220447284345
2022-07-21,0.48201438848920863,0.5179856115107914,0.37410071942446044,0.14388489208633093,0.37410071942446044,0.14388489208633093
2022-07-22,0.4693140794223827,0.5306859205776173,0.4151624548736462,0.11552346570397112,0.4151624548736462,0.11552346570397112
2022-07-23,0.5277777777777778,0.4722222222222222,0.32222222222222224,0.15,0.32222222222222224,0.15
2022-07-24,0.5222222222222223,0.4777777777777778,0.28888888888888886,0.18888888888888888,0.28888888888888886,0.18888888888888888
2022-07-25,0.450354609929078,0.549645390070922,0.425531914893617,0.12411347517730496,0.425531914893617,0.12411347517730496
2022-07-26,0.5563380281690141,0.44366197183098594,0.3485915492957746,0.09507042253521127,0.3485915492957746,0.09507042253521127
2022-07-27,0.35785953177257523,0.6421404682274248,0.5016722408026756,0.14046822742474915,0.5016722408026756,0.14046822742474915
2022-07-28,0.4398496240601504,0.5601503759398496,0.4398496240601504,0.12030075187969924,0.4398496240601504,0.12030075187969924
2022-07-29,0.46402877697841727,0.5359712230215827,0.420863309352518,0.11510791366906475,0.420863309352518,0.11510791366906475
2022-07-30,0.46153846153846156,0.5384615384615384,0.40828402366863903,0.1301775147928994,0.40828402366863903,0.1301775147928994
2022-07-31,0.49122807017543857,0.5087719298245614,0.37719298245614036,0.13157894736842105,0.37719298245614036,0.13157894736842105
2022-08-01,0.4232209737827715,0.5767790262172284,0.46441947565543074,0.11235955056179775,0.46441947565543074,0.11235955056179775
2022-08-02,0.4444444444444444,0.5555555555555556,0.4329501915708812,0.12260536398467432,0.4329501915708812,0.12260536398467432
2022-08-03,0.36585365853658536,0.6341463414634146,0.4715447154471545,0.16260162601626016,0.4715447154471545,0.16260162601626016
2022-08-04,0.4888888888888889,0.5111111111111111,0.38666666666666666,0.12444444444444444,0.38666666666666666,0.12444444444444444
2022-08-05,0.4248927038626609,0.575107296137339,0.4248927038626609,0.15021459227467812,0.4248927038626609,0.15021459227467812
2022-08-06,0.4429530201342282,0.5570469798657718,0.44966442953020136,0.10738255033557047,0.44966442953020136,0.10738255033557047
2022-08-07,0.5825242718446602,0.4174757281553398,0.2621359223300971,0.1553398058252427,0.2621359223300971,0.1553398058252427
2022-08-08,0.4468864468864469,0.5531135531135531,0.4139194139194139,0.1391941391941392,0.4139194139194139,0.1391941391941392
2022-08-09,0.4645669291338583,0.5354330708661418,0.4330708661417323,0.10236220472440945,0.4330708661417323,0.10236220472440945
2022-08-10,0.42424242424242425,0.5757575757575758,0.4431818181818182,0.13257575757575757,0.4431818181818182,0.13257575757575757
2022-08-11,0.47435897435897434,0.5256410256410257,0.42735042735042733,0.09829059829059829,0.42735042735042733,0.09829059829059829
2022-08-12,0.4146341463414634,0.5853658536585366,0.4715447154471545,0.11382113821138211,0.4715447154471545,0.11382113821138211
2022-08-13,0.4621212121212121,0.5378787878787878,0.3787878787878788,0.1590909090909091,0.3787878787878788,0.1590909090909091
2022-08-14,0.4489795918367347,0.5510204081632653,0.4387755102040816,0.11224489795918367,0.4387755102040816,0.11224489795918367
2022-08-15,0.43416370106761565,0.5658362989323843,0.43416370106761565,0.13167259786476868,0.43416370106761565,0.13167259786476868
2022-08-16,0.38427947598253276,0.6157205240174672,0.4672489082969432,0.14847161572052403,0.4672489082969432,0.14847161572052403
2022-08-17,0.5146579804560261,0.48534201954397393,0.36156351791530944,0.1237785016286645,0.36156351791530944,0.1237785016286645
2022-08-18,0.44402985074626866,0.5559701492537313,0.43656716417910446,0.11940298507462686,0.43656716417910446,0.11940298507462686
2022-08-19,0.4166666666666667,0.5833333333333334,0.4642857142857143,0.11904761904761904,0.4642857142857143,0.11904761904761904
2022-08-20,0.38666666666666666,0.6133333333333333,0.5066666666666667,0.10666666666666667,0.5066666666666667,0.10666666666666667
2022-08-21,0.6016949152542372,0.3983050847457627,0.2796610169491525,0.11864406779661017,0.2796610169491525,0.11864406779661017
2022-08-22,0.4782608695652174,0.5217391304347826,0.41304347826086957,0.10869565217391304,0.41304347826086957,0.10869565217391304
2022-08-23,0.5236363636363637,0.4763636363636364,0.3709090909090909,0.10545454545454545,0.3709090909090909,0.10545454545454545
2022-08-24,0.421455938697318,0.578544061302682,0.4482758620689655,0.13026819923371646,0.4482758620689655,0.13026819923371646
2022-08-25,0.4645669291338583,0.5354330708661418,0.37401574803149606,0.16141732283464566,0.37401574803149606,0.16141732283464566
2022-08-26,0.4306049822064057,0.5693950177935944,0.4377224199288256,0.13167259786476868,0.4377224199288256,0.13167259786476868
2022-08-27,0.4,0.6,0.4066666666666667,0.19333333333333333,0.4066666666666667,0.19333333333333333
2022-08-28,0.5377358490566038,0.46226415094339623,0.330188679245283,0.1320754716981132,0.330188679245283,0.1320754716981132
2022-08-29,0.3835616438356164,0.6164383561643836,0.4623287671232877,0.1541095890410959,0.4623287671232877,0.1541095890410959
2022-08-30,0.39436619718309857,0.6056338028169014,0.5,0.1056338028169014,0.5,0.1056338028169014
2022-08-31,0.3803921568627451,0.6196078431372549,0.5137254901960784,0.10588235294117647,0.5137254901960784,0.10588235294117647
2022-09-01,0.41422594142259417,0.5857740585774058,0.40585774058577406,0.1799163179916318,0.40585774058577406,0.1799163179916318
2022-09-02,0.4,0.6,0.45714285714285713,0.14285714285714285,0.45714285714285713,0.14285714285714285
2022-09-03,0.46099290780141844,0.5390070921985816,0.3546099290780142,0.18439716312056736,0.3546099290780142,0.18439716312056736
2022-09-04,0.5339805825242718,0.46601941747572817,0.3786407766990291,0.08737864077669903,0.3786407766990291,0.08737864077669903
2022-09-05,0.37174721189591076,0.6282527881040892,0.516728624535316,0.11152416356877323,0.516728624535316,0.11152416356877323
2022-09-06,0.46296296296296297,0.5370370370370371,0.3888888888888889,0.14814814814814814,0.3888888888888889,0.14814814814814814
2022-09-07,0.4157303370786517,0.5842696629213483,0.4681647940074906,0.11610486891385768,0.4681647940074906,0.11610486891385768
2022-09-08,0.4032258064516129,0.5967741935483871,0.4838709677419355,0.11290322580645161,0.4838709677419355,0.11290322580645161
2022-09-09,0.4192139737991266,0.5807860262008734,0.48034934497816595,0.10043668122270742,0.48034934497816595,0.10043668122270742
2022-09-10,0.43333333333333335,0.5666666666666667,0.36666666666666664,0.2,0.36666666666666664,0.2
2022-09-11,0.5166666666666667,0.48333333333333334,0.36666666666666664,0.11666666666666667,0.36666666666666664,0.11666666666666667
2022-09-12,0.4789272030651341,0.5210727969348659,0.4367816091954023,0.0842911877394636,0.4367816091954023,0.0842911877394636
2022-09-13,0.38839285714285715,0.6116071428571429,0.5133928571428571,0.09821428571428571,0.5133928571428571,0.09821428571428571
2022-09-14,0.4908424908424908,0.5091575091575091,0.3992673992673993,0.10989010989010989,0.3992673992673993,0.10989010989010989
2022-09-15,0.3964757709251101,0.6035242290748899,0.41409691629955947,0.1894273127753304,0.41409691629955947,0.1894273127753304
2022-09-16,0.3722943722943723,0.6277056277056277,0.4935064935064935,0.1341991341991342,0.4935064935064935,0.1341991341991342
2022-09-17,0.5,0.5,0.3984375,0.1015625,0.3984375,0.1015625
2022-09-18,0.5847457627118644,0.4152542372881356,0.3135593220338983,0.1016949152542373,0.3135593220338983,0.1016949152542373
2022-09-19,0.4430379746835443,0.5569620253164557,0.4219409282700422,0.1350210970464135,0.4219409282700422,0.1350210970464135
2022-09-20,0.45098039215686275,0.5490196078431373,0.4,0.14901960784313725,0.4,0.14901960784313725
2022-09-21,0.48,0.52,0.38666666666666666,0.13333333333333333,0.38666666666666666,0.13333333333333333
2022-09-22,0.5333333333333333,0.4666666666666667,0.3151515151515151,0.15151515151515152,0.3151515151515151,0.15151515151515152
2022-09-23,0.43884892086330934,0.5611510791366906,0.4316546762589928,0.12949640287769784,0.4316546762589928,0.12949640287769784
2022-09-24,0.5329341317365269,0.46706586826347307,0.3592814371257485,0.10778443113772455,0.3592814371257485,0.10778443113772455
2022-09-25,0.5625,0.4375,0.3203125,0.1171875,0.3203125,0.1171875
2022-09-26,0.3901639344262295,0.6098360655737705,0.4918032786885246,0.1180327868852459,0.4918032786885246,0.1180327868852459
2022-09-27,0.4281150159744409,0.5718849840255591,0.4249201277955272,0.14696485623003194,0.4249201277955272,0.14696485623003194
2022-09-28,0.4751131221719457,0.5248868778280543,0.4298642533936652,0.09502262443438914,0.4298642533936652,0.09502262443438914
2022-09-29,0.4219409282700422,0.5780590717299579,0.459915611814346,0.11814345991561181,0.459915611814346,0.11814345991561181
2022-09-30,0.3551020408163265,0.6448979591836734,0.5102040816326531,0.1346938775510204,0.5102040816326531,0.1346938775510204
2022-10-01,0.49019607843137253,0.5098039215686274,0.39869281045751637,0.1111111111111111,0.39869281045751637,0.1111111111111111
2022-10-02,0.475,0.525,0.375,0.15,0.375,0.15
2022-10-03,0.412,0.588,0.464,0.124,0.464,0.124
2022-10-04,0.3286384976525822,0.6713615023474179,0.5164319248826291,0.15492957746478872,0.5164319248826291,0.15492957746478872
2022-10-05,0.50187265917603,0.49812734082397003,0.40074906367041196,0.09737827715355805,0.40074906367041196,0.09737827715355805
2022-10-06,0.4186046511627907,0.5813953488372093,0.4697674418604651,0.11162790697674418,0.4697674418604651,0.11162790697674418
2022-10-07,0.41025641025641024,0.5897435897435898,0.49572649572649574,0.09401709401709402,0.49572649572649574,0.09401709401709402
2022-10-08,0.49242424242424243,0.5075757575757576,0.4393939393939394,0.06818181818181818,0.4393939393939394,0.06818181818181818
2022-10-09,0.43617021276595747,0.5638297872340425,0.39361702127659576,0.1702127659574468,0.39361702127659576,0.1702127659574468
2022-10-10,0.45318352059925093,0.5468164794007491,0.4606741573033708,0.08614232209737828,0.4606741573033708,0.08614232209737828
2022-10-11,0.39655172413793105,0.603448275862069,0.44396551724137934,0.15948275862068967,0.44396551724137934,0.15948275862068967
2022-10-12,0.4389312977099237,0.5610687022900763,0.41603053435114506,0.1450381679389313,0.41603053435114506,0.1450381679389313
2022-10-13,0.3464566929133858,0.6535433070866141,0.47244094488188976,0.18110236220472442,0.47244094488188976,0.18110236220472442
2022-10-14,0.38222222222222224,0.6177777777777778,0.4622222222222222,0.15555555555555556,0.4622222222222222,0.15555555555555556
2022-10-15,0.3858267716535433,0.6141732283464567,0.4330708661417323,0.18110236220472442,0.4330708661417323,0.18110236220472442
2022-10-16,0.5384615384615384,0.46153846153846156,0.3557692307692308,0.10576923076923077,0.3557692307692308,0.10576923076923077
2022-10-17,0.42913385826771655,0.5708661417322834,0.4448818897637795,0.12598425196850394,0.4448818897637795,0.12598425196850394
2022-10-18,0.4549019607843137,0.5450980392156862,0.4196078431372549,0.12549019607843137,0.4196078431372549,0.12549019607843137
2022-10-19,0.3949579831932773,0.6050420168067226,0.5042016806722689,0.10084033613445378,0.5042016806722689,0.10084033613445378
2022-10-20,0.4453125,0.5546875,0.43359375,0.12109375,0.43359375,0.12109375
2022-10-21,0.4063926940639269,0.593607305936073,0.4840182648401826,0.1095890410958904,0.4840182648401826,0.1095890410958904
2022-10-22,0.5070422535211268,0.49295774647887325,0.3732394366197183,0.11971830985915492,0.3732394366197183,0.11971830985915492
2022-10-23,0.4897959183673469,0.5102040816326531,0.3877551020408163,0.12244897959183673,0.3877551020408163,0.12244897959183673
2022-10-24,0.3651877133105802,0.6348122866894198,0.49829351535836175,0.13651877133105803,0.49829351535836175,0.13651877133105803
2022-10-25,0.4491525423728814,0.5508474576271186,0.4364406779661017,0.11440677966101695,0.4364406779661017,0.11440677966101695
2022-10-26,0.45627376425855515,0.5437262357414449,0.4296577946768061,0.11406844106463879,0.4296577946768061,0.11406844106463879
2022-10-27,0.4795539033457249,0.5204460966542751,0.39776951672862454,0.12267657992565056,0.39776951672862454,0.12267657992565056
2022-10-28,0.39864864864864863,0.6013513513513513,0.4831081081081081,0.11824324324324324,0.4831081081081081,0.11824324324324324
2022-10-29,0.40145985401459855,0.5985401459854015,0.43795620437956206,0.16058394160583941,0.43795620437956206,0.16058394160583941
2022-10-30,0.4772727272727273,0.5227272727272727,0.32954545454545453,0.19318181818181818,0.32954545454545453,0.19318181818181818
2022-10-31,0.39933993399339934,0.6006600660066007,0.4752475247524752,0.1254125412541254,0.4752475247524752,0.1254125412541254
2022-11-01,0.46558704453441296,0.5344129554655871,0.3805668016194332,0.15384615384615385,0.3805668016194332,0.15384615384615385
2022-11-02,0.5099337748344371,0.4900662251655629,0.3576158940397351,0.13245033112582782,0.3576158940397351,0.13245033112582782
2022-11-03,0.44280442804428044,0.5571955719557196,0.4022140221402214,0.15498154981549817,0.4022140221402214,0.15498154981549817
2022-11-04,0.4793103448275862,0.5206896551724138,0.39655172413793105,0.12413793103448276,0.39655172413793105,0.12413793103448276
2022-11-05,0.4645161290322581,0.535483870967742,0.3870967741935484,0.14838709677419354,0.3870967741935484,0.14838709677419354
2022-11-06,0.4396551724137931,0.5603448275862069,0.4482758620689655,0.11206896551724138,0.4482758620689655,0.11206896551724138
2022-11-07,0.39661016949152544,0.6033898305084746,0.46779661016949153,0.13559322033898305,0.46779661016949153,0.13559322033898305
2022-11-08,0.437984496124031,0.562015503875969,0.44573643410852715,0.11627906976744186,0.44573643410852715,0.11627906976744186
2022-11-09,0.4892086330935252,0.5107913669064749,0.4136690647482014,0.09712230215827339,0.4136690647482014,0.09712230215827339
2022-11-10,0.4791666666666667,0.5208333333333334,0.4131944444444444,0.1076388888888889,0.4131944444444444,0.1076388888888889
2022-11-11,0.42160278745644597,0.578397212543554,0.43902439024390244,0.13937282229965156,0.43902439024390244,0.13937282229965156
2022-11-12,0.46236559139784944,0.5376344086021505,0.41397849462365593,0.12365591397849462,0.41397849462365593,0.12365591397849462
2022-11-13,0.48739495798319327,0.5126050420168067,0.36134453781512604,0.15126050420168066,0.36134453781512604,0.15126050420168066
2022-11-14,0.3783783783783784,0.6216216216216216,0.4942084942084942,0.1274131274131274,0.4942084942084942,0.1274131274131274
2022-11-15,0.48372093023255813,0.5162790697674419,0.4418604651162791,0.07441860465116279,0.4418604651162791,0.07441860465116279
2022-11-16,0.44,0.56,0.4254545454545455,0.13454545454545455,0.4254545454545455,0.13454545454545455
2022-11-17,0.3497942386831276,0.6502057613168725,0.5267489711934157,0.12345679012345678,0.5267489711934157,0.12345679012345678
2022-11-18,0.3673469387755102,0.6326530612244898,0.49387755102040815,0.13877551020408163,0.49387755102040815,0.13877551020408163
2022-11-19,0.48226950354609927,0.5177304964539007,0.3900709219858156,0.1276595744680851,0.3900709219858156,0.1276595744680851
2022-11-20,0.5882352941176471,0.4117647058823529,0.2549019607843137,0.1568627450980392,0.2549019607843137,0.1568627450980392
2022-11-21,0.4406779661016949,0.559322033898305,0.45084745762711864,0.10847457627118644,0.45084745762711864,0.10847457627118644
2022-11-22,0.44947735191637633,0.5505226480836237,0.40069686411149824,0.14982578397212543,0.40069686411149824,0.14982578397212543
2022-11-23,0.40594059405940597,0.594059405940594,0.45874587458745875,0.1353135313531353,0.45874587458745875,0.1353135313531353
2022-11-24,0.4175824175824176,0.5824175824175825,0.43956043956043955,0.14285714285714285,0.43956043956043955,0.14285714285714285
2022-11-25,0.39622641509433965,0.6037735849056604,0.47924528301886793,0.12452830188679245,0.47924528301886793,0.12452830188679245
2022-11-26,0.4878048780487805,0.5121951219512195,0.34146341463414637,0.17073170731707318,0.34146341463414637,0.17073170731707318
2022-11-27,0.5,0.5,0.3958333333333333,0.10416666666666667,0.3958333333333333,0.10416666666666667
2022-11-28,0.412568306010929,0.587431693989071,0.46994535519125685,0.11748633879781421,0.46994535519125685,0.11748633879781421
2022-11-29,0.468944099378882,0.531055900621118,0.40683229813664595,0.12422360248447205,0.40683229813664595,0.12422360248447205
2022-11-30,0.4817073170731707,0.5182926829268293,0.4146341463414634,0.10365853658536585,0.4146341463414634,0.10365853658536585
2022-12-01,0.4419475655430712,0.5580524344569289,0.4307116104868914,0.12734082397003746,0.4307116104868914,0.12734082397003746
