date,request,Lended_Amount,Repaid_Amount,Locked_Amount
2021-01-01,14,27238.789999999997,0,27238.789999999997
2021-01-02,122,197584.6600000001,61801.93500000001,135782.7250000001
2021-01-03,97,155801.20000000004,21875.100000000002,133926.10000000003
2021-01-04,343,560918.5900000003,211092.479,349826.1110000003
2021-01-05,250,381123.33000000013,182085.605,199037.72500000012
2021-01-06,245,411213.38999999996,159706.79400000002,251506.59599999993
2021-01-07,258,419374.4800000002,179459.69600000003,239914.7840000002
2021-01-08,188,299577.15,139938.57800000004,159638.572
2021-01-09,114,172504.57000000004,75746.89199999999,96757.67800000004
2021-01-10,79,142879.20999999996,45902.558000000005,96976.65199999996
2021-01-11,275,430309.48,136253.97499999998,294055.505
2021-01-12,250,435680.67,166114.06500000003,269566.605
2021-01-13,256,393139.21,130904.137,262235.07300000003
2021-01-14,218,388851.45,137239.674,251611.776
2021-01-15,197,315527.19000000006,131761.68200000003,183765.50800000003
2021-01-16,119,216444.5,88742.49799999999,127702.00200000001
2021-01-17,106,170767.14999999997,38459.174,132307.97599999997
2021-01-18,261,441886.29000000004,141701.755,300184.53500000003
2021-01-19,347,657221.7900000002,178412.884,478808.9060000002
2021-01-20,257,414899.05000000005,203768.20100000003,211130.84900000002
2021-01-21,236,395745.36999999965,174443.23000000004,221302.1399999996
2021-01-22,236,376454.1599999998,144962.20700000002,231491.95299999978
2021-01-23,107,146343.63000000003,64369.227,81974.40300000003
2021-01-24,95,153865.09999999998,58981.117,94883.98299999998
2021-01-25,272,440180.9599999999,167295.856,272885.10399999993
2021-01-26,245,420050.4400000002,119442.32299999999,300608.1170000002
2021-01-27,234,343164.00999999966,128845.53500000003,214318.47499999963
2021-01-28,244,411747.95999999973,147914.66299999997,263833.2969999998
2021-01-29,203,322051.8800000003,141190.69900000002,180861.18100000027
2021-01-30,148,221388.02000000002,103616.188,117771.83200000002
2021-01-31,110,171209.08000000002,47860.475000000006,123348.60500000001
2021-02-01,240,432743.7599999997,136204.016,296539.7439999997
2021-02-02,319,552588.64,113505.288,439083.352
2021-02-03,210,329722.8099999999,110483.38599999998,219239.42399999988
2021-02-04,307,528739.01,171008.81199999998,357730.19800000003
2021-02-05,219,335167.8299999999,118018.61500000002,217149.21499999988
2021-02-06,118,189999.45,52373.022000000004,137626.428
2021-02-07,80,129509.03000000001,31627.946999999996,97881.08300000001
2021-02-08,283,468397.38000000006,166687.79400000005,301709.586
2021-02-09,337,600766.8500000002,188172.49100000004,412594.3590000002
2021-02-10,282,450457.50999999995,151070.47800000003,299387.0319999999
2021-02-11,211,334495.4900000001,99142.316,235353.17400000012
2021-02-12,304,446158.2299999999,124227.40200000002,321930.8279999999
2021-02-13,133,207150.02000000002,63385.179,143764.84100000001
2021-02-14,111,161481.53,30877.743,130603.787
2021-02-15,295,503865.85000000027,186188.27500000002,317677.57500000024
2021-02-16,266,423474.9800000002,173432.84399999992,250042.1360000003
2021-02-17,269,448930.49999999994,154536.69400000002,294393.8059999999
2021-02-18,263,407841.39999999973,163473.54400000005,244367.85599999968
2021-02-19,242,393222.8899999998,123211.608,270011.2819999998
2021-02-20,121,164936.84000000003,49065.99100000001,115870.84900000002
2021-02-21,111,165419.68999999994,30243.239,135176.45099999994
2021-02-22,336,620905.7100000003,171491.56700000004,449414.1430000003
2021-02-23,253,439207.88999999996,178267.7390000001,260940.15099999987
2021-02-24,248,456565.73000000004,119160.95100000002,337404.77900000004
2021-02-25,319,569191.9800000001,170076.04899999997,399115.9310000001
2021-02-26,283,478841.81,144034.631,334807.179
2021-02-27,160,269000.0799999999,90205.323,178794.7569999999
2021-02-28,140,198349.49000000002,59241.338,139108.152
2021-03-01,317,520245.0100000004,160333.61500000002,359911.39500000037
2021-03-02,274,470729.23000000016,180200.618,290528.6120000002
2021-03-03,159,230086.69,49295.53199999999,180791.158
2021-03-04,312,504511.7000000001,179725.208,324786.4920000001
2021-03-05,246,405548.7299999996,160512.32600000003,245036.40399999954
2021-03-06,166,271421.82999999996,101713.209,169708.62099999996
2021-03-07,123,224099.31999999992,59173.945999999996,164925.37399999992
2021-03-08,285,517810.45999999985,176233.395,341577.0649999998
2021-03-09,261,443772.1200000002,163525.18000000002,280246.9400000002
2021-03-10,247,406899.3000000002,150753.77200000003,256145.5280000002
2021-03-11,250,398498.4999999999,138393.21600000001,260105.28399999987
2021-03-12,223,371222.13,175896.17500000002,195325.955
2021-03-13,130,194083.33,44435.43,149647.9
2021-03-14,76,106164.95999999996,21409.622000000003,84755.33799999996
2021-03-15,277,450197.7000000002,189771.244,260426.45600000018
2021-03-16,302,600169.3600000003,137948.72,462220.64000000036
2021-03-17,298,608408.0699999997,163217.43100000004,445190.6389999997
2021-03-18,275,542128.8499999997,137120.56800000003,405008.2819999997
2021-03-19,286,482912.10000000003,166902.151,316009.949
2021-03-20,178,310039.9699999999,81171.571,228868.39899999992
2021-03-21,99,209193.80999999997,32607.965,176585.84499999997
2021-03-22,307,550090.3900000006,146005.704,404084.68600000057
2021-03-23,311,607637.08,159344.198,448292.882
2021-03-24,280,531044.16,142381.77199999997,388662.38800000004
2021-03-25,258,471603.4099999997,127660.98800000003,343942.4219999997
2021-03-26,255,460669.87999999995,167242.413,293427.46699999995
2021-03-27,142,253685.33000000002,85588.46399999999,168096.86600000004
2021-03-28,101,167715.42,31935.397,135780.02300000002
2021-03-29,279,450286.7400000004,117700.102,332586.6380000004
2021-03-30,242,442147.25,140599.446,301547.804
2021-03-31,223,397108.03,157021.644,240086.38600000003
2021-04-01,203,335561.36999999994,121773.10600000003,213788.2639999999
2021-04-02,218,381117.8300000002,130721.708,250396.1220000002
2021-04-03,124,213718.17000000004,61410.414000000004,152307.75600000005
2021-04-04,72,120396.19,42249.35,78146.84
2021-04-05,255,489234.24,154396.43699999998,334837.803
2021-04-06,239,393063.03999999975,113375.769,279687.2709999997
2021-04-07,231,408330.1199999999,115456.99100000001,292873.12899999984
2021-04-08,231,418925.6900000001,126476.454,292449.23600000015
2021-04-09,237,395073.24000000005,173495.52999999997,221577.71000000008
2021-04-10,142,215457.6299999999,68758.52100000001,146699.10899999988
2021-04-11,123,218777.08000000016,53414.088,165362.99200000014
2021-04-12,284,547000.1600000003,161662.124,385338.03600000025
2021-04-13,232,404980.03999999963,129220.74099999998,275759.29899999965
2021-04-14,277,542519.2300000001,135211.86899999998,407307.36100000015
2021-04-15,247,410096.9100000001,143438.165,266658.7450000001
2021-04-16,267,473415.5899999998,185384.04300000003,288031.5469999998
2021-04-17,142,226775.28000000003,86938.13699999999,139837.14300000004
2021-04-18,121,192353.3500000001,76437.712,115915.6380000001
2021-04-19,296,552517.1699999998,175507.42299999998,377009.74699999986
2021-04-20,281,480604.75,204824.95800000004,275779.79199999996
2021-04-21,288,524822.6700000003,179459.91700000002,345362.75300000026
2021-04-22,231,395704.27,153879.219,241825.051
2021-04-23,271,457257.3100000003,182309.595,274947.7150000003
2021-04-24,143,240328.75000000003,106419.52100000001,133909.22900000002
2021-04-25,138,231548.02999999997,51230.868,180317.16199999995
2021-04-26,323,615909.0100000002,230250.26700000002,385658.74300000025
2021-04-27,344,606289.4000000003,223008.61700000014,383280.7830000001
2021-04-28,264,441542.73,178057.789,263484.941
2021-04-29,303,526296.4800000003,232279.68399999998,294016.7960000003
2021-04-30,141,246020.71000000008,55001.530999999995,191019.1790000001
2021-05-01,111,183020.2,55225.963,127794.23700000001
2021-05-02,42,84290.76000000001,4543.8640000000005,79746.89600000001
2021-05-03,145,241509.75000000006,73369.27000000002,168140.48000000004
2021-05-04,153,263573.9,77970.659,185603.24100000004
2021-05-05,310,609229.2599999999,180358.95800000004,428870.30199999985
2021-05-06,124,233240.72999999995,69707.144,163533.58599999995
2021-05-07,307,600250.8600000001,235866.579,364384.2810000001
2021-05-08,154,275960.92999999993,78834.379,197126.55099999992
2021-05-09,108,192467.78999999998,51838.917,140628.87299999996
2021-05-10,315,602685.3500000002,226776.83600000004,375908.5140000002
2021-05-11,258,510779.8299999999,159205.70899999997,351574.1209999999
2021-05-12,253,474790.22999999986,141869.03899999996,332921.1909999999
2021-05-13,281,518592.7499999996,150441.26499999998,368151.48499999964
2021-05-14,237,458454.22000000003,168810.33000000002,289643.89
2021-05-15,141,210855.8000000001,84456.411,126399.38900000011
2021-05-16,110,183913.13,38001.678,145911.452
2021-05-17,320,605244.3600000001,180562.30400000003,424682.0560000001
2021-05-18,272,515571.1600000001,199666.818,315904.34200000006
2021-05-19,310,564878.6300000001,175285.86399999997,389592.7660000002
2021-05-20,275,491802.2900000001,146655.34000000008,345146.95
2021-05-21,266,491571.96,185366.41500000004,306205.545
2021-05-22,158,260219.55,102724.90800000001,157494.642
2021-05-23,92,120952.70000000003,33637.877,87314.82300000003
2021-05-24,134,238514.24000000014,68089.98300000001,170424.25700000013
2021-05-25,284,519979.37,164138.41599999994,355840.954
2021-05-26,238,419396.67999999993,152915.25600000005,266481.4239999999
2021-05-27,332,695682.6699999998,192290.79999999996,503391.8699999999
2021-05-28,312,544967.1599999999,186361.929,358605.2309999999
2021-05-29,158,261933.59999999995,91189.68299999999,170743.91699999996
2021-05-30,116,210163.43999999997,57536.869,152626.57099999997
2021-05-31,325,578839.4500000001,226356.44199999998,352483.0080000001
2021-06-01,267,483636.9800000001,189526.14200000002,294110.8380000001
2021-06-02,290,523663.42000000074,190752.991,332910.4290000007
2021-06-03,241,470740.9099999999,158273.47899999996,312467.431
2021-06-04,215,381852.3700000003,149303.68699999995,232548.68300000034
2021-06-05,147,268600.33,72587.42399999998,196012.90600000002
2021-06-06,115,213281.56999999995,46123.41499999999,167158.15499999997
2021-06-07,283,526284.9799999997,176751.95200000005,349533.0279999997
2021-06-08,269,501618.29000000004,138372.039,363246.25100000005
2021-06-09,286,510187.6700000001,191979.85299999997,318207.81700000016
2021-06-10,257,449883.01999999996,179030.774,270852.2459999999
2021-06-11,270,455146.29999999964,182941.733,272204.56699999963
2021-06-12,174,285008.2799999999,105509.625,179498.6549999999
2021-06-13,108,215905.66,39902.810999999994,176002.84900000002
2021-06-14,282,491486.6600000002,165773.98499999996,325712.6750000003
2021-06-15,259,512844.68000000017,175524.14099999997,337320.5390000002
2021-06-16,249,464200.23999999993,170916.226,293284.01399999997
2021-06-17,214,376525.43000000017,118938.573,257586.85700000016
2021-06-18,276,518184.9799999999,206712.24599999998,311472.73399999994
2021-06-19,168,269801.7299999999,88672.935,181128.79499999993
2021-06-20,117,186712.01999999996,54036.645000000004,132675.37499999994
2021-06-21,302,502972.90999999986,142756.00299999997,360216.9069999999
2021-06-22,224,340410.45999999985,139447.841,200962.61899999986
2021-06-23,253,419389.3099999999,136867.44499999998,282521.8649999999
2021-06-24,220,414166.2099999998,133664.55700000003,280501.65299999976
2021-06-25,252,390632.27999999997,136659.575,253972.70499999996
2021-06-26,140,227022.7899999999,100037.626,126985.16399999989
2021-06-27,112,211615.68999999992,38963.353,172652.3369999999
2021-06-28,324,650608.84,157859.962,492748.87799999997
2021-06-29,307,595719.4600000003,188626.815,407092.6450000003
2021-06-30,263,446090.73999999993,204255.96100000004,241834.7789999999
2021-07-01,233,403507.4500000003,153811.51499999998,249695.93500000032
2021-07-02,247,416556.1299999999,146742.583,269813.5469999999
2021-07-03,132,248667.41000000003,62853.895000000004,185813.515
2021-07-04,95,162289.61000000007,37971.505000000005,124318.10500000007
2021-07-05,254,466032.58,148771.142,317261.438
2021-07-06,237,410859.7999999999,148928.338,261931.46199999988
2021-07-07,230,403916.86,159586.32299999997,244330.537
2021-07-08,263,471369.93999999994,176158.02099999998,295211.919
2021-07-09,237,404123.25999999983,148197.98500000002,255925.27499999982
2021-07-10,149,262931.63000000006,88133.552,174798.07800000007
2021-07-11,95,164601.35,41831.634000000005,122769.716
2021-07-12,260,476252.9599999999,163190.05299999999,313062.9069999999
2021-07-13,291,512385.5600000002,158591.34200000003,353794.2180000001
2021-07-14,233,431181.39000000025,177434.71200000003,253746.67800000022
2021-07-15,252,453784.7500000001,160088.37,293696.3800000001
2021-07-16,248,450389.7400000001,179504.28600000005,270885.454
2021-07-17,155,269489.6999999999,91153.205,178336.49499999988
2021-07-18,114,232455.74999999997,64415.16900000001,168040.58099999995
2021-07-19,284,505273.53999999963,180563.66900000008,324709.8709999996
2021-07-20,263,437524.5900000003,186349.865,251174.72500000033
2021-07-21,262,497785.38999999996,133073.2,364712.18999999994
2021-07-22,292,556083.2399999994,164377.785,391705.4549999994
2021-07-23,277,497391.6899999998,180787.81499999997,316603.8749999999
2021-07-24,145,245845.3099999999,71447.454,174397.8559999999
2021-07-25,110,209115.16999999998,36012.456999999995,173102.713
2021-07-26,343,679263.5900000003,210798.38000000003,468465.2100000003
2021-07-27,277,480504.06000000023,188655.506,291848.55400000024
2021-07-28,257,453350.2800000001,168802.41299999997,284547.8670000001
2021-07-29,299,594860.9300000002,232302.39499999996,362558.5350000002
2021-07-30,258,462496.8500000002,191893.013,270603.8370000002
2021-07-31,172,329743.8300000002,88440.885,241302.94500000018
2021-08-01,105,205701.88999999998,52836.615,152865.275
2021-08-02,286,538807.4800000001,166840.076,371967.4040000001
2021-08-03,258,487550.7599999997,215441.07000000004,272109.6899999997
2021-08-04,234,400561.6999999998,159866.369,240695.33099999977
2021-08-05,242,424033.1600000003,168955.26700000005,255077.89300000027
2021-08-06,200,347836.97999999986,109469.061,238367.91899999988
2021-08-07,140,234530.04,51530.557,182999.483
2021-08-08,89,163675.79000000004,55830.892,107844.89800000004
2021-08-09,291,564536.6700000002,200219.318,364317.3520000002
2021-08-10,279,508692.5800000001,161403.28100000002,347289.29900000006
2021-08-11,276,523970.77999999974,201553.02699999997,322417.7529999998
2021-08-12,224,396189.52999999997,183441.15399999998,212748.376
2021-08-13,240,424188.5799999998,136208.07200000001,287980.5079999998
2021-08-14,138,219309.94000000003,89661.104,129648.83600000002
2021-08-15,84,165024.50000000006,33688.902,131335.59800000006
2021-08-16,255,455124.05000000005,165932.85799999995,289191.1920000001
2021-08-17,255,435631.71000000014,155095.369,280536.34100000013
2021-08-18,243,396412.2100000003,170733.966,225678.24400000033
2021-08-19,217,366415.99999999994,126327.85100000001,240088.14899999992
2021-08-20,243,400269.0599999999,131977.495,268291.5649999999
2021-08-21,129,231582.41999999998,77420.707,154161.713
2021-08-22,114,177052.41,49561.61600000001,127490.794
2021-08-23,250,422712.12,151647.69100000008,271064.4289999999
2021-08-24,255,419926.7999999997,171987.556,247939.2439999997
2021-08-25,231,417159.67000000004,118658.86500000002,298500.80500000005
2021-08-26,211,350459.35000000015,127600.06999999999,222859.28000000014
2021-08-27,218,363154.6100000001,132054.53300000002,231100.07700000008
2021-08-28,162,259199.96000000005,50149.723,209050.23700000005
2021-08-29,103,173733.71999999997,39430.105,134303.61499999996
2021-08-30,241,426798.03000000014,173874.29800000004,252923.7320000001
2021-08-31,246,433758.22,150021.48200000002,283736.73799999995
2021-09-01,195,349701.11,109386.498,240314.61199999996
2021-09-02,241,442869.94,148464.602,294405.338
2021-09-03,220,394066.6700000001,122041.751,272024.9190000001
2021-09-04,122,211378.10999999996,57728.840000000004,153649.26999999996
2021-09-05,101,160024.62000000008,41520.44,118504.18000000008
2021-09-06,135,233838.73000000004,70328.31000000001,163510.42000000004
2021-09-07,217,382689.1300000002,152551.94499999995,230137.18500000023
2021-09-08,200,352121.32000000024,126957.57100000001,225163.74900000024
2021-09-09,183,315997.28000000014,106440.295,209556.98500000016
2021-09-10,195,376280.88999999966,129789.30900000001,246491.58099999966
2021-09-11,144,233482.4800000001,88530.741,144951.73900000012
2021-09-12,93,159959.9900000001,33184.748999999996,126775.24100000011
2021-09-13,236,435329.6100000005,133551.457,301778.1530000005
2021-09-14,230,402059.5500000001,156740.194,245319.35600000012
2021-09-15,258,480729.10999999987,141973.104,338756.0059999999
2021-09-16,234,422702.0800000002,123253.286,299448.7940000002
2021-09-17,216,358552.7,146529.73400000003,212022.966
2021-09-18,119,200559.72000000003,50250.16100000001,150309.559
2021-09-19,121,204795.96999999997,43895.852,160900.11799999996
2021-09-20,270,483234.4300000002,151932.49500000002,331301.9350000002
2021-09-21,226,361209.0800000005,133135.57400000002,228073.50600000046
2021-09-22,170,281369.78999999986,68382.34,212987.44999999987
2021-09-23,275,447967.29999999993,167318.69700000001,280648.6029999999
2021-09-24,220,351580.83,146350.89300000004,205229.93699999998
2021-09-25,155,244866.89999999997,69219.54,175647.36
2021-09-26,128,199767.1300000001,49614.55200000001,150152.5780000001
2021-09-27,254,468646.58000000013,101425.012,367221.56800000014
2021-09-28,247,408407.7599999999,138649.979,269757.7809999999
2021-09-29,253,441313.4100000001,168210.17200000005,273103.238
2021-09-30,245,410873.06000000023,122976.03500000002,287897.0250000002
2021-10-01,243,410424.6499999994,158571.66,251852.98999999938
2021-10-02,138,228703.81000000008,45421.51899999999,183282.29100000008
2021-10-03,112,219473.62999999995,61934.002000000015,157539.62799999994
2021-10-04,247,460206.4200000001,94367.62400000003,365838.7960000001
2021-10-05,259,462767.20000000007,150643.58399999997,312123.6160000001
2021-10-06,227,390558.14999999985,142589.40800000002,247968.74199999982
2021-10-07,394,859834.0200000004,346104.60300000006,513729.4170000003
2021-10-08,381,649543.7699999998,385589.516,263954.2539999998
2021-10-09,152,251957.83999999988,95665.063,156292.77699999989
2021-10-10,131,205530.77000000005,70571.67,134959.10000000003
2021-10-11,339,630940.9699999997,249090.16600000003,381850.8039999997
2021-10-12,515,833638.4000000004,180175.476,653462.9240000003
2021-10-13,311,545798.3200000001,175464.99100000007,370333.329
2021-10-14,292,492022.7999999998,145643.15999999997,346379.63999999984
2021-10-15,281,484544.25000000023,199215.40600000002,285328.8440000002
2021-10-16,156,244808.2400000001,70925.67300000002,173882.5670000001
2021-10-17,143,229555.79999999996,63839.698000000004,165716.10199999996
2021-10-18,325,519853.7500000003,225800.31499999997,294053.4350000003
2021-10-19,268,486534.7699999999,154610.93699999998,331923.8329999999
2021-10-20,289,506503.70999999996,243355.671,263148.039
2021-10-21,353,578849.9399999998,181256.608,397593.3319999998
2021-10-22,261,415812.78,142674.19400000002,273138.586
2021-10-23,143,226341.05000000016,85060.391,141280.65900000016
2021-10-24,125,169473.17000000004,36558.119000000006,132915.05100000004
2021-10-25,352,534159.2800000003,161892.5620000001,372266.71800000017
2021-10-26,297,469625.5100000001,170108.02899999995,299517.48100000015
2021-10-27,307,496100.62999999954,177359.83200000002,318740.7979999995
2021-10-28,266,454813.40999999974,169895.05000000005,284918.3599999997
2021-10-29,305,483308.1400000001,202392.48900000003,280915.65100000007
2021-10-30,158,258685.98,86082.906,172603.07400000002
2021-10-31,130,206333.34000000005,69787.53600000001,136545.80400000006
2021-11-01,264,459607.95999999996,153137.868,306470.09199999995
2021-11-02,257,445037.55999999965,174676.502,270361.0579999996
2021-11-03,262,424933.02,146957.75900000002,277975.261
2021-11-04,274,463783.2099999999,135579.249,328203.9609999999
2021-11-05,296,485624.6700000002,212751.383,272873.28700000024
2021-11-06,134,233952.94999999995,75401.84600000002,158551.10399999993
2021-11-07,107,192417.06999999992,52346.216,140070.85399999993
2021-11-08,314,544036.8,162870.14900000003,381166.651
2021-11-09,267,441802.3799999997,175593.119,266209.2609999997
2021-11-10,275,455322.6100000001,166903.113,288419.4970000001
2021-11-11,257,431115.2899999999,148476.61400000003,282638.67599999986
2021-11-12,236,378420.0800000003,137735.637,240684.44300000032
2021-11-13,141,221448.43000000005,70433.948,151014.48200000005
2021-11-14,124,215706.36999999997,50848.706999999995,164857.66299999997
2021-11-15,301,524488.3599999998,213383.209,311105.1509999997
2021-11-16,277,493707.14999999997,145256.69599999997,348450.454
2021-11-17,283,464403.17999999976,133865.66700000002,330537.51299999974
2021-11-18,253,417751.5999999998,202377.48699999996,215374.11299999984
2021-11-19,267,468742.02999999997,176073.02699999994,292669.003
2021-11-20,183,324237.88999999996,130853.33300000001,193384.55699999994
2021-11-21,144,228263.61000000002,59506.61600000001,168756.994
2021-11-22,299,572216.5500000004,242398.065,329818.4850000004
2021-11-23,352,629005.4600000003,157292.22600000002,471713.2340000003
2021-11-24,294,580267.7500000002,156277.61500000005,423990.1350000002
2021-11-25,388,743280.8600000006,178493.91300000003,564786.9470000005
2021-11-26,323,543521.5199999997,186243.78500000003,357277.73499999964
2021-11-27,217,405342.2000000001,98863.85600000001,306478.3440000001
2021-11-28,140,237532.75000000003,44750.706,192782.04400000002
2021-11-29,338,547533.3000000003,230436.62199999997,317096.6780000003
2021-11-30,311,496877.5699999997,208910.20800000004,287967.3619999997
2021-12-01,270,472673.0600000002,169798.109,302874.9510000002
2021-12-02,280,496005.80999999994,175497.90699999998,320507.90299999993
2021-12-03,301,495933.2499999996,161149.39099999997,334783.8589999996
2021-12-04,180,297272.8300000001,86939.554,210333.27600000007
2021-12-05,152,248833.13000000006,66589.744,182243.38600000006
2021-12-06,303,506580.31000000064,179773.91900000008,326806.3910000005
2021-12-07,370,652778.27,224650.71200000006,428127.55799999996
2021-12-08,310,518066.73000000033,162468.215,355598.51500000036
2021-12-09,313,534021.85,172770.67600000004,361251.17399999994
2021-12-10,321,532478.7300000006,202601.97099999996,329876.7590000006
2021-12-11,189,324465.40999999986,74885.356,249580.05399999986
2021-12-12,136,207162.52000000002,55397.939999999995,151764.58000000002
2021-12-13,370,670222.7899999997,228464.56100000002,441758.2289999997
2021-12-14,376,673200.3400000002,254460.93399999998,418739.4060000002
2021-12-15,330,565882.9299999999,219967.68300000002,345915.2469999999
2021-12-16,357,596918.8399999997,218673.429,378245.41099999973
2021-12-17,290,515244.17999999935,189990.30700000003,325253.8729999993
2021-12-18,191,343240.83000000013,99321.729,243919.10100000014
2021-12-19,136,212642.30000000005,68470.207,144172.09300000005
2021-12-20,555,1006793.06,266661.27800000005,740131.782
2021-12-21,427,690573.5700000004,223244.39800000002,467329.17200000037
2021-12-22,415,699237.0099999992,213513.872,485723.1379999992
2021-12-23,337,510061.8400000001,207799.501,302262.3390000001
2021-12-24,139,228513.43999999994,79687.14,148826.29999999993
2021-12-25,57,90574.13999999998,3846.687,86727.45299999998
2021-12-26,123,200905.73000000007,64831.65,136074.08000000007
2021-12-27,235,363010.2000000001,93187.406,269822.7940000001
2021-12-28,239,396629.07999999984,124981.12900000002,271647.9509999998
2021-12-29,412,710459.4800000004,267814.85900000005,442644.6210000004
2021-12-30,370,645877.1500000004,260644.68300000002,385232.46700000035
2021-12-31,206,317300.1499999999,141339.02899999998,175961.12099999993
2022-01-01,49,77740.87,780,76960.87
2022-01-02,114,190478.93999999994,46267.585,144211.35499999995
2022-01-03,192,338821.55000000005,98219.13399999996,240602.41600000008
2022-01-04,307,517279.93,267240.441,250039.489
2022-01-05,298,528691.8399999996,224853.083,303838.75699999963
2022-01-06,256,440629.99000000017,154421.38400000002,286208.60600000015
2022-01-07,270,475090.5599999998,162747.02599999998,312343.53399999987
2022-01-08,162,259391.31,90905.256,168486.054
2022-01-09,106,163106.73000000004,37817.168999999994,125289.56100000005
2022-01-10,311,497370.2,162957.80800000002,334412.392
2022-01-11,268,451467.0799999999,166427.41700000004,285039.6629999998
2022-01-12,300,537319.2999999998,162832.553,374486.7469999998
2022-01-13,275,511682.24,176365.56600000002,335316.674
2022-01-14,282,473130.26000000007,199574.84300000005,273555.417
2022-01-15,155,249684.11999999997,76178.04999999999,173506.06999999998
2022-01-16,119,216103.92999999996,50744.33,165359.59999999998
2022-01-17,305,513607.43000000017,176106.255,337501.17500000016
2022-01-18,296,523282.6100000001,173883.64500000002,349398.9650000001
2022-01-19,315,535438.9500000004,198277.75499999998,337161.1950000004
2022-01-20,326,507021.0300000002,169528.35900000003,337492.6710000002
2022-01-21,318,577816.0000000002,170756.235,407059.76500000025
2022-01-22,185,301927.6400000001,96267.964,205659.67600000006
2022-01-23,113,187275.36000000002,38020.242,149255.11800000002
2022-01-24,364,716005.4899999995,233806.04,482199.4499999995
2022-01-25,329,547844.7700000005,234787.007,313057.7630000005
2022-01-26,352,638832.2000000005,225769.63499999995,413062.5650000006
2022-01-27,323,560574.0899999995,214748.78100000002,345825.3089999995
2022-01-28,330,607576.0700000001,226920.03099999996,380656.0390000001
2022-01-29,157,269271.8800000001,62725.156,206546.7240000001
2022-01-30,143,261129.02999999982,57354.75199999999,203774.27799999982
2022-01-31,338,645717.1499999998,242031.64699999997,403685.5029999998
2022-02-01,289,546841.1900000002,168741.209,378099.98100000015
2022-02-02,308,548673.4799999999,165365.77200000003,383307.70799999987
2022-02-03,288,479946.6100000003,161771.25899999996,318175.3510000003
2022-02-04,312,535024.4499999997,205828.597,329195.8529999997
2022-02-05,177,300884.63,82384.21100000001,218500.419
2022-02-06,114,182519.65000000002,56774.211,125745.43900000001
2022-02-07,313,568043.3700000008,161008.41900000002,407034.9510000008
2022-02-08,339,617953.9099999999,214340.52900000007,403613.3809999998
2022-02-09,312,534780.5999999997,201928.48000000007,332852.11999999965
2022-02-10,318,563443.55,193074.6350000001,370368.9149999999
2022-02-11,275,473940.1399999998,206216.08800000005,267724.05199999973
2022-02-12,176,276729.56999999995,68885.973,207843.59699999995
2022-02-13,126,209060.55,54760.537,154300.01299999998
2022-02-14,299,567149.1099999999,190686.47,376462.6399999999
2022-02-15,259,478590.95000000007,158457.416,320133.5340000001
2022-02-16,299,561428.0599999997,190670.0380000001,370758.02199999965
2022-02-17,297,580801.5499999999,185441.21699999998,395360.333
2022-02-18,290,498688.49999999994,209854.89200000002,288833.6079999999
2022-02-19,169,263947.74,71349.09599999999,192598.644
2022-02-20,116,193119.34000000003,69915.235,123204.10500000003
2022-02-21,335,627024.3500000003,202958.09299999996,424066.25700000033
2022-02-22,318,534336.7999999998,185838.523,348498.2769999998
2022-02-23,344,666894.5299999997,195736.02099999998,471158.5089999997
2022-02-24,333,562277.2999999999,192945.61000000002,369331.68999999994
2022-02-25,288,460196.98999999976,157825.36900000004,302371.6209999997
2022-02-26,169,266787.26,63332.334,203454.926
2022-02-27,98,165267.32000000004,50184.17300000001,115083.14700000003
2022-02-28,349,669785.2500000003,240569.22499999995,429216.0250000004
2022-03-01,263,488300.67000000004,154226.085,334074.5850000001
2022-03-02,285,527122.7700000001,200092.64600000004,327030.12400000007
2022-03-03,179,302013.6800000002,82875.20800000001,219138.4720000002
2022-03-04,302,571927.9899999998,160912.85600000006,411015.1339999997
2022-03-05,140,243834.03999999992,69417.426,174416.6139999999
2022-03-06,108,199422.37999999998,72183.046,127239.33399999997
2022-03-07,338,590753.3399999996,199230.64200000002,391522.6979999996
2022-03-08,330,578459.0799999998,154752.156,423706.9239999999
2022-03-09,281,551509.7199999997,149121.40100000004,402388.31899999967
2022-03-10,377,725223.78,182929.66899999997,542294.111
2022-03-11,371,728851.8500000002,221794.352,507057.4980000002
2022-03-12,202,368807.9799999999,113261.88900000001,255546.0909999999
2022-03-13,148,252716.86999999994,57979.792,194737.07799999992
2022-03-14,371,664730.9199999997,261131.754,403599.16599999974
2022-03-15,347,647156.5799999997,189915.07600000003,457241.5039999997
2022-03-16,354,689366.4700000003,197483.065,491883.4050000003
2022-03-17,440,824601.0700000001,222973.25699999998,601627.8130000001
2022-03-18,388,694594.6500000001,202754.90300000008,491839.7470000001
2022-03-19,208,363354.1899999997,81508.38799999999,281845.80199999973
2022-03-20,158,289265.22999999975,66640.37899999999,222624.85099999976
2022-03-21,400,717241.9100000003,204789.42900000006,512452.4810000002
2022-03-22,381,685057.3300000005,173286.78900000002,511770.54100000055
2022-03-23,367,639908.5400000003,204466.756,435441.7840000003
2022-03-24,347,626803.9699999997,192945.701,433858.26899999974
2022-03-25,293,535532.3500000002,154342.81200000003,381189.5380000002
2022-03-26,181,303163.63999999996,96223.76400000001,206939.87599999993
2022-03-27,128,220438.99999999997,55638.726,164800.27399999998
2022-03-28,343,626732.9299999996,195575.00299999997,431157.9269999996
2022-03-29,326,573403.3799999999,197715.44000000006,375687.9399999998
2022-03-30,362,640165.4000000003,209130.18100000004,431035.2190000002
2022-03-31,313,560154.8599999996,189606.11799999996,370548.7419999997
2022-04-01,289,520697.01999999996,156076.47900000002,364620.54099999997
2022-04-02,164,280872.8799999999,88665.18699999999,192207.6929999999
2022-04-03,118,220236.00999999983,27690.091000000004,192545.91899999982
2022-04-04,292,541977.1500000001,175694.27199999994,366282.8780000002
2022-04-05,308,493586.8700000004,186841.967,306744.9030000004
2022-04-06,260,448749.8600000003,120521.80400000002,328228.0560000003
2022-04-07,258,484818.8800000002,129114.67400000001,355704.2060000002
2022-04-08,282,515111.6300000003,175583.88900000002,339527.7410000003
2022-04-09,193,324737.13000000024,98089.48500000002,226647.64500000022
2022-04-10,142,254573.6,47478.704,207094.896
2022-04-11,310,572789.8500000003,139441.419,433348.43100000033
2022-04-12,291,529711.6599999997,156206.57,373505.0899999997
2022-04-13,324,620143.3699999999,203440.77,416702.59999999986
2022-04-14,333,575660.9499999996,189001.8260000001,386659.1239999995
2022-04-15,322,539139.3699999999,200909.69599999997,338229.6739999999
2022-04-16,179,243976.40000000005,88305.932,155670.46800000005
2022-04-17,120,233312.74,40593.371,192719.369
2022-04-18,418,784449.2600000004,243136.40000000008,541312.8600000003
2022-04-19,484,900867.2399999994,218664.732,682202.5079999994
2022-04-20,386,659794.2400000005,229836.61999999997,429957.62000000046
2022-04-21,371,655770.0099999997,219798.07200000004,435971.9379999996
2022-04-22,211,396984.11000000004,90202.65800000001,306781.45200000005
2022-04-23,151,240401.02000000008,84779.5,155621.52000000008
2022-04-24,58,126391.65999999997,5096.299,121295.36099999998
2022-04-25,210,395478.5,72937.22799999999,322541.272
2022-04-26,406,815302.8300000007,236801.04499999995,578501.7850000007
2022-04-27,401,750928.8499999999,227785.06400000007,523143.7859999998
2022-04-28,362,641888.3700000002,224985.24100000007,416903.1290000002
2022-04-29,386,735653.3599999998,263356.88600000006,472296.4739999997
2022-04-30,196,379376.5300000002,100888.125,278488.4050000002
2022-05-01,130,229992.74999999994,50502.763999999996,179489.98599999995
2022-05-02,176,283729.56000000006,69302.974,214426.58600000007
2022-05-03,402,712543.6299999994,228419.36000000004,484124.2699999994
2022-05-04,307,530267.9800000002,176367.30800000005,353900.67200000014
2022-05-05,370,684266.7599999997,190339.149,493927.6109999997
2022-05-06,176,275441.43999999994,53255.124,222186.31599999993
2022-05-07,155,222290.64000000004,53952.21000000001,168338.43000000005
2022-05-08,115,233726.44999999998,57095.194,176631.256
2022-05-09,350,670105.5799999994,167775.647,502329.9329999994
2022-05-10,388,718302.2299999994,234380.029,483922.2009999994
2022-05-11,335,666938.9000000001,190406.645,476532.2550000001
2022-05-12,360,660605.18,213784.55800000008,446820.622
2022-05-13,328,620611.45,166546.93899999995,454064.511
2022-05-14,193,359293.98,121962.113,237331.86699999997
2022-05-15,125,246261.74,38994.670000000006,207267.06999999998
2022-05-16,376,672532.1400000004,166804.105,505728.0350000004
2022-05-17,450,930116.5899999995,226943.873,703172.7169999995
2022-05-18,346,637594.0800000004,198212.93700000003,439381.1430000004
2022-05-19,374,687479.8099999999,271688.352,415791.4579999999
2022-05-20,355,640494.0700000008,184174.809,456319.26100000076
2022-05-21,213,365026.4500000001,101532.756,263493.69400000013
2022-05-22,149,278775.6000000001,52174.889,226600.7110000001
2022-05-23,422,765533.7699999994,256331.049,509202.72099999944
2022-05-24,194,356563.42,74793.433,281769.98699999996
2022-05-25,366,702094.4799999997,239281.90000000002,462812.5799999997
2022-05-26,347,592184.4799999996,232760.606,359423.8739999996
2022-05-27,325,612731.3799999999,172321.63,440409.7499999999
2022-05-28,194,352320.0499999998,89530.58400000002,262789.4659999998
2022-05-29,161,264775.57000000007,67487.576,197287.99400000006
2022-05-30,420,805714.8499999999,254476.70300000007,551238.1469999998
2022-05-31,418,797556.6499999996,254791.95299999995,542764.6969999996
2022-06-01,304,596429.5600000004,169536.887,426892.6730000004
2022-06-02,303,557575.7599999994,171601.04000000004,385974.7199999994
2022-06-03,324,551826.6500000001,137690.85199999998,414135.7980000002
2022-06-04,200,338514.7099999999,55133.182,283381.52799999993
2022-06-05,137,249196.35000000003,61216.259,187980.09100000004
2022-06-06,311,590300.9800000001,191949.615,398351.3650000001
2022-06-07,310,595414.0700000002,153929.00900000002,441485.06100000016
2022-06-08,316,691178.4599999993,188856.64199999996,502321.8179999993
2022-06-09,316,596470.08,214649.838,381820.24199999997
2022-06-10,299,569672.7500000002,193575.35599999997,376097.39400000026
2022-06-11,179,339408.4899999999,101283.442,238125.0479999999
2022-06-12,140,279852.9100000001,42660.228,237192.6820000001
2022-06-13,394,763086.7,246661.89600000004,516424.8039999999
2022-06-14,289,548583.1900000001,198442.94599999997,350140.24400000006
2022-06-15,311,593594.7799999996,192974.87300000005,400619.90699999954
2022-06-16,313,660059.7499999998,213528.17200000005,446531.57799999975
2022-06-17,337,670356.7900000002,190298.21200000003,480058.5780000001
2022-06-18,151,278440.6800000001,64417.08000000001,214023.6000000001
2022-06-19,149,269434.48,59151.46899999999,210283.011
2022-06-20,410,835869.4299999997,239244.70700000008,596624.7229999996
2022-06-21,332,673450.2300000011,238144.46500000005,435305.76500000106
2022-06-22,356,703313.79,172606.21300000005,530707.577
2022-06-23,310,601476.7400000002,193144.445,408332.2950000002
2022-06-24,303,541675.2300000002,178273.69300000006,363401.5370000001
2022-06-25,197,356096.6099999998,86694.90699999999,269401.7029999998
2022-06-26,145,310589.5499999999,44508.490000000005,266081.0599999999
2022-06-27,410,781887.8800000004,285484.43299999996,496403.4470000004
2022-06-28,365,726418.2399999991,198937.41399999996,527480.8259999991
2022-06-29,349,679293.5499999998,186344.52200000006,492949.02799999976
2022-06-30,343,636727.8499999999,182111.81299999997,454616.0369999999
2022-07-01,306,596849.7599999997,140316.46199999997,456533.2979999997
2022-07-02,157,285825.44000000006,69536.92199999999,216288.51800000007
2022-07-03,123,221425.65000000008,50652.16,170773.49000000008
2022-07-04,286,505126.4900000001,162579.09200000003,342547.39800000004
2022-07-05,328,659495.1300000002,172583.996,486911.1340000002
2022-07-06,303,613393.3300000002,210028.20799999998,403365.1220000002
2022-07-07,294,585434.5399999999,189530.61399999994,395903.926
2022-07-08,300,545965.9400000001,171176.941,374788.99900000007
2022-07-09,190,368050.6100000001,106946.34599999999,261104.2640000001
2022-07-10,138,253619.05000000005,38898.755999999994,214720.29400000005
2022-07-11,352,687642.79,211047.36899999998,476595.4210000001
2022-07-12,305,594000.8300000002,170856.79,423144.04000000015
2022-07-13,316,610539.3399999997,178795.16200000004,431744.1779999997
2022-07-14,281,507830.9800000002,177574.475,330256.50500000024
2022-07-15,273,541769.76,168160.746,373609.01399999997
2022-07-16,178,335031.18,79756.53399999999,255274.646
2022-07-17,111,208320.74000000008,32508.671,175812.06900000008
2022-07-18,352,632385.8699999995,186039.13900000005,446346.73099999945
2022-07-19,364,697283.0399999996,156058.21400000004,541224.8259999995
2022-07-20,369,786400.11,228442.409,557957.701
2022-07-21,349,690297.2399999995,149951.191,540346.0489999995
2022-07-22,318,628273.9699999997,179297.15700000004,448976.81299999973
2022-07-23,206,372514.83999999985,91825.65600000002,280689.18399999983
2022-07-24,107,208391.29000000004,32283.809999999994,176107.48000000004
2022-07-25,350,686901.9099999993,185689.1140000001,501212.7959999993
2022-07-26,352,669938.8899999998,144875.432,525063.4579999998
2022-07-27,374,756662.9200000009,275549.287,481113.63300000085
2022-07-28,321,645025.1099999998,221029.67899999997,423995.43099999975
2022-07-29,330,706116.2699999997,246414.01200000005,459702.2579999996
2022-07-30,202,387924.7699999999,109924.55500000002,278000.21499999985
2022-07-31,152,273440.82999999996,65334.528999999995,208106.30099999998
2022-08-01,333,663807.19,195454.99999999997,468352.18999999994
2022-08-02,315,625701.7399999995,167467.599,458234.14099999954
2022-08-03,293,619158.3800000002,217286.407,401871.97300000023
2022-08-04,278,560462.5599999995,107714.99700000002,452747.56299999944
2022-08-05,285,560524.9500000002,190267.363,370257.5870000002
2022-08-06,174,332218.21,94761.14700000001,237457.06300000002
2022-08-07,116,206623.26000000007,30437.693,176185.56700000007
2022-08-08,319,565475.4900000002,164464.872,401010.61800000025
2022-08-09,300,601226.5999999999,173178.174,428048.42599999986
2022-08-10,312,619262.3300000003,195813.17599999995,423449.15400000033
2022-08-11,294,571822.9000000005,158028.754,413794.14600000053
2022-08-12,297,567733.1399999997,171156.58300000004,396576.5569999996
2022-08-13,166,280244.3900000001,63536.096,216708.29400000008
2022-08-14,128,217379.38000000003,49697.791,167681.58900000004
2022-08-15,343,700524.4600000001,202109.518,498414.94200000004
2022-08-16,284,589652.2999999995,185376.399,404275.9009999995
2022-08-17,361,751696.3599999998,178989.512,572706.8479999998
2022-08-18,318,631290.86,180868.11600000004,450422.74399999995
2022-08-19,320,568296.0800000003,148958.966,419337.1140000003
2022-08-20,169,319377.81000000006,122173.545,197204.26500000007
2022-08-21,138,283509.9099999998,44295.94,239213.9699999998
2022-08-22,334,711627.0300000006,175813.80699999997,535813.2230000007
2022-08-23,328,629643.7899999993,154906.258,474737.5319999993
2022-08-24,320,599087.9499999996,158977.27300000004,440110.67699999956
2022-08-25,309,607168.9,131096.069,476072.831
2022-08-26,337,644670.1900000002,167501.113,477169.07700000016
2022-08-27,187,363346.3099999998,80863.016,282483.2939999998
2022-08-28,140,240319.5300000001,59373.39200000001,180946.1380000001
2022-08-29,366,675287.8400000004,185566.95300000004,489720.8870000004
2022-08-30,346,701400.4699999999,271584.105,429816.3649999999
2022-08-31,307,617364.9400000002,227523.06199999998,389841.8780000002
2022-09-01,290,594528.9000000003,200118.60700000008,394410.2930000002
2022-09-02,295,574026.6100000001,174632.23700000005,399394.373
2022-09-03,162,264609.17999999993,54682.069,209927.11099999992
2022-09-04,121,235912.35000000003,54555.683,181356.66700000004
2022-09-05,330,588612.4200000009,221777.4129999999,366835.0070000009
2022-09-06,197,381489,95052.52900000001,286436.471
2022-09-07,332,638657.7299999996,210909.803,427747.9269999996
2022-09-08,313,566072.5799999996,186882.89100000003,379189.68899999955
2022-09-09,290,590500.09,185533.842,404966.24799999996
2022-09-10,172,281667.35000000003,76903.203,204764.14700000006
2022-09-11,139,273733.81000000006,56456.12700000001,217277.68300000005
2022-09-12,310,591532.6699999992,164788.702,426743.96799999924
2022-09-13,283,561715.5900000001,184483.026,377232.5640000001
2022-09-14,335,628066.2500000005,186902.651,441163.59900000045
2022-09-15,280,588274.9500000003,169138.788,419136.1620000003
2022-09-16,291,532378.87,190205.62600000002,342173.24399999995
2022-09-17,153,302077.6599999999,60001.721000000005,242075.9389999999
2022-09-18,146,297436.04999999993,69965.285,227470.76499999993
2022-09-19,284,555006.39,171310.256,383696.134
2022-09-20,301,653830.2199999999,158378.571,495451.64899999986
2022-09-21,354,689222.0100000002,194845.547,494376.4630000002
2022-09-22,201,363594.91,67562.24799999998,296032.662
2022-09-23,336,627260.3499999994,165568.39000000004,461691.9599999994
2022-09-24,197,353542.56999999983,73108.52900000001,280434.04099999985
2022-09-25,151,313599.56999999983,49259.13200000001,264340.43799999985
2022-09-26,365,743358.0499999989,277018.83300000004,466339.21699999884
2022-09-27,393,737385.3800000002,220861.732,516523.6480000003
2022-09-28,273,511070.4,143141.076,367929.324
2022-09-29,299,582167.5900000001,141379.30299999999,440788.2870000001
2022-09-30,295,545205.6499999999,209494.80499999996,335710.845
2022-10-01,171,301672.7299999999,71990.85400000002,229681.8759999999
2022-10-02,104,176037.79999999996,40995.721,135042.07899999997
2022-10-03,302,592820.8900000005,161207.85200000004,431613.0380000004
2022-10-04,276,536205.5799999997,166787.10100000002,369418.4789999997
2022-10-05,323,630402.9699999997,131274.29900000003,499128.67099999974
2022-10-06,268,541965.9200000002,186134.52,355831.40000000014
2022-10-07,280,501672.6699999998,167638.38000000003,334034.2899999998
2022-10-08,161,280903.26999999996,74400.17,206503.09999999998
2022-10-09,117,218672.9700000001,58126.432,160546.5380000001
2022-10-10,329,621330.9700000001,211980.54799999995,409350.42200000014
2022-10-11,294,604290.4399999998,210341.33899999998,393949.10099999985
2022-10-12,334,628865.7599999997,197911.584,430954.1759999996
2022-10-13,313,620696.1600000005,189126.92500000002,431569.23500000045
2022-10-14,274,548119.3200000002,171938.546,376180.7740000002
2022-10-15,146,246698.1899999999,57063.461,189634.72899999988
2022-10-16,124,220049.59,60480.354999999996,159569.235
2022-10-17,326,666099.2499999998,198165.74700000006,467933.5029999997
2022-10-18,299,552566.4299999997,110804.499,441761.9309999997
2022-10-19,299,589795.6299999994,197600.74099999998,392194.88899999944
2022-10-20,319,604186.5300000003,166725.975,437460.5550000003
2022-10-21,272,529573.5199999998,188602.21899999998,340971.3009999998
2022-10-22,172,333540.9700000002,56359.108,277181.8620000002
2022-10-23,122,253929.54000000007,53146.99,200782.55000000008
2022-10-24,353,634036.9100000005,190992.295,443044.61500000046
2022-10-25,291,569047.1300000004,137881.939,431165.19100000034
2022-10-26,325,646098.48,184677.77900000004,461420.70099999994
2022-10-27,324,623009.9900000002,163173.38700000005,459836.6030000002
2022-10-28,357,714395.5500000007,241584.72,472810.8300000008
2022-10-29,163,268035.04000000004,73633.74200000003,194401.298
2022-10-30,112,201962.95999999996,48557.561,153405.39899999998
2022-10-31,368,675945.8699999993,167267.71099999992,508678.1589999994
2022-11-01,296,589007.2799999999,130030.87500000001,458976.4049999999
2022-11-02,379,819950.5599999996,177530.19699999996,642420.3629999997
2022-11-03,341,720294.8500000004,158886.078,561408.7720000005
2022-11-04,358,753328.5700000002,172958.682,580369.8880000002
2022-11-05,180,340413.6599999999,93706.97700000001,246706.6829999999
2022-11-06,138,260905.46999999988,62263.61699999999,198641.8529999999
2022-11-07,377,759846.8600000007,217294.10299999994,542552.7570000007
2022-11-08,314,643010.9500000003,184084.91400000005,458926.03600000025
2022-11-09,342,707101.2400000005,137602.985,569498.2550000005
2022-11-10,344,746420.8299999995,213692.11500000002,532728.7149999995
2022-11-11,355,723418.2600000002,200573.51600000003,522844.7440000002
2022-11-12,220,442863.02999999997,130327.37900000003,312535.65099999995
2022-11-13,135,256839.44999999995,75912.07,180927.37999999995
2022-11-14,322,635332.3799999999,176160.56900000002,459171.81099999987
2022-11-15,272,530894.6100000006,155280.02100000004,375614.5890000005
2022-11-16,323,656797.9700000002,162331.66300000003,494466.30700000015
2022-11-17,292,525608.4100000003,164764.28800000003,360844.1220000002
2022-11-18,292,546347.9900000001,151639.25400000002,394708.7360000001
2022-11-19,164,281125.4799999999,58820.12499999999,222305.35499999992
2022-11-20,133,275413.8299999999,37776.934,237636.8959999999
2022-11-21,370,724316.0300000003,160886.219,563429.8110000002
2022-11-22,350,663462.6399999999,136656.013,526806.6269999999
2022-11-23,353,662917.4600000002,219599.51000000004,443317.9500000002
2022-11-24,316,606286.7999999997,149114.238,457172.5619999997
2022-11-25,331,610996.6199999998,163427.79700000002,447568.82299999974
2022-11-26,143,248008.00000000003,56688.085999999996,191319.91400000005
2022-11-27,175,296751.98000000004,77656.475,219095.50500000003
2022-11-28,452,929561.7200000004,260344.513,669217.2070000004
2022-11-29,389,731743.4700000004,198754.738,532988.7320000004
2022-11-30,386,742288.2599999998,182351.74100000004,559936.5189999997
2022-12-01,322,597073.1600000001,142944.37300000005,454128.7870000001
