Date,Good,Bad,Good_rate,Bad_rate
2021-01-01,14,0,1,0
2021-01-02,116,6,0.9508196721311475,0.04918032786885246
2021-01-03,96,1,0.9896907216494846,0.010309278350515464
2021-01-04,326,17,0.9504373177842566,0.04956268221574344
2021-01-05,240,10,0.96,0.04
2021-01-06,232,13,0.9469387755102041,0.053061224489795916
2021-01-07,249,9,0.9651162790697675,0.03488372093023256
2021-01-08,182,6,0.9680851063829787,0.031914893617021274
2021-01-09,109,5,0.956140350877193,0.043859649122807015
2021-01-10,77,2,0.9746835443037974,0.02531645569620253
2021-01-11,264,11,0.96,0.04
2021-01-12,235,15,0.94,0.06
2021-01-13,247,9,0.96484375,0.03515625
2021-01-14,212,6,0.9724770642201835,0.027522935779816515
2021-01-15,188,9,0.9543147208121827,0.04568527918781726
2021-01-16,118,1,0.9915966386554622,0.008403361344537815
2021-01-17,105,1,0.9905660377358491,0.009433962264150943
2021-01-18,255,6,0.9770114942528736,0.022988505747126436
2021-01-19,330,17,0.9510086455331412,0.04899135446685879
2021-01-20,237,20,0.9221789883268483,0.07782101167315175
2021-01-21,223,13,0.9449152542372882,0.05508474576271186
2021-01-22,220,16,0.9322033898305084,0.06779661016949153
2021-01-23,99,8,0.9252336448598131,0.07476635514018691
2021-01-24,93,2,0.9789473684210527,0.021052631578947368
2021-01-25,263,9,0.9669117647058824,0.03308823529411765
2021-01-26,242,3,0.9877551020408163,0.012244897959183673
2021-01-27,221,13,0.9444444444444444,0.05555555555555555
2021-01-28,236,8,0.9672131147540983,0.03278688524590164
2021-01-29,193,10,0.9507389162561576,0.04926108374384237
2021-01-30,143,5,0.9662162162162162,0.033783783783783786
2021-01-31,106,4,0.9636363636363636,0.03636363636363636
2021-02-01,231,9,0.9625,0.0375
2021-02-02,311,8,0.9749216300940439,0.025078369905956112
2021-02-03,203,7,0.9666666666666667,0.03333333333333333
2021-02-04,297,10,0.9674267100977199,0.03257328990228013
2021-02-05,211,8,0.9634703196347032,0.0365296803652968
2021-02-06,118,0,1,0
2021-02-07,78,2,0.975,0.025
2021-02-08,270,13,0.9540636042402827,0.045936395759717315
2021-02-09,325,12,0.9643916913946587,0.03560830860534125
2021-02-10,269,13,0.9539007092198581,0.04609929078014184
2021-02-11,206,5,0.976303317535545,0.023696682464454975
2021-02-12,297,7,0.9769736842105263,0.023026315789473683
2021-02-13,130,3,0.9774436090225563,0.022556390977443608
2021-02-14,110,1,0.990990990990991,0.009009009009009009
2021-02-15,276,19,0.9355932203389831,0.06440677966101695
2021-02-16,253,13,0.9511278195488722,0.04887218045112782
2021-02-17,257,12,0.9553903345724907,0.04460966542750929
2021-02-18,252,11,0.9581749049429658,0.04182509505703422
2021-02-19,231,11,0.9545454545454546,0.045454545454545456
2021-02-20,116,5,0.9586776859504132,0.04132231404958678
2021-02-21,107,4,0.963963963963964,0.036036036036036036
2021-02-22,322,14,0.9583333333333334,0.041666666666666664
2021-02-23,240,13,0.9486166007905138,0.05138339920948617
2021-02-24,240,8,0.967741935483871,0.03225806451612903
2021-02-25,312,7,0.9780564263322884,0.0219435736677116
2021-02-26,273,10,0.9646643109540636,0.0353356890459364
2021-02-27,153,7,0.95625,0.04375
2021-02-28,138,2,0.9857142857142858,0.014285714285714285
2021-03-01,306,11,0.9652996845425867,0.03470031545741325
2021-03-02,268,6,0.9781021897810219,0.021897810218978103
2021-03-03,153,6,0.9622641509433962,0.03773584905660377
2021-03-04,297,15,0.9519230769230769,0.04807692307692308
2021-03-05,236,10,0.959349593495935,0.04065040650406504
2021-03-06,157,9,0.9457831325301205,0.05421686746987952
2021-03-07,120,3,0.975609756097561,0.024390243902439025
2021-03-08,276,9,0.968421052631579,0.031578947368421054
2021-03-09,246,15,0.9425287356321839,0.05747126436781609
2021-03-10,237,10,0.9595141700404858,0.04048582995951417
2021-03-11,241,9,0.964,0.036
2021-03-12,215,8,0.9641255605381166,0.03587443946188341
2021-03-13,128,2,0.9846153846153847,0.015384615384615385
2021-03-14,75,1,0.9868421052631579,0.013157894736842105
2021-03-15,267,10,0.9638989169675091,0.036101083032490974
2021-03-16,292,10,0.9668874172185431,0.033112582781456956
2021-03-17,285,13,0.9563758389261745,0.0436241610738255
2021-03-18,260,15,0.9454545454545454,0.05454545454545454
2021-03-19,274,12,0.958041958041958,0.04195804195804196
2021-03-20,171,7,0.9606741573033708,0.03932584269662921
2021-03-21,95,4,0.9595959595959596,0.04040404040404041
2021-03-22,298,9,0.9706840390879479,0.029315960912052116
2021-03-23,299,12,0.9614147909967846,0.03858520900321544
2021-03-24,275,5,0.9821428571428571,0.017857142857142856
2021-03-25,251,7,0.9728682170542635,0.027131782945736434
2021-03-26,244,11,0.9568627450980393,0.043137254901960784
2021-03-27,136,6,0.9577464788732394,0.04225352112676056
2021-03-28,100,1,0.9900990099009901,0.009900990099009901
2021-03-29,268,11,0.9605734767025089,0.03942652329749104
2021-03-30,234,8,0.9669421487603306,0.03305785123966942
2021-03-31,212,11,0.9506726457399103,0.04932735426008968
2021-04-01,190,13,0.9359605911330049,0.06403940886699508
2021-04-02,209,9,0.9587155963302753,0.04128440366972477
2021-04-03,120,4,0.967741935483871,0.03225806451612903
2021-04-04,69,3,0.9583333333333334,0.041666666666666664
2021-04-05,245,10,0.9607843137254902,0.0392156862745098
2021-04-06,226,13,0.9456066945606695,0.05439330543933055
2021-04-07,224,7,0.9696969696969697,0.030303030303030304
2021-04-08,224,7,0.9696969696969697,0.030303030303030304
2021-04-09,222,15,0.9367088607594937,0.06329113924050633
2021-04-10,139,3,0.9788732394366197,0.02112676056338028
2021-04-11,120,3,0.975609756097561,0.024390243902439025
2021-04-12,274,10,0.9647887323943662,0.035211267605633804
2021-04-13,227,5,0.978448275862069,0.021551724137931036
2021-04-14,267,10,0.9638989169675091,0.036101083032490974
2021-04-15,239,8,0.9676113360323887,0.032388663967611336
2021-04-16,258,9,0.9662921348314607,0.033707865168539325
2021-04-17,136,6,0.9577464788732394,0.04225352112676056
2021-04-18,116,5,0.9586776859504132,0.04132231404958678
2021-04-19,284,12,0.9594594594594594,0.04054054054054054
2021-04-20,271,10,0.9644128113879004,0.03558718861209965
2021-04-21,274,14,0.9513888888888888,0.04861111111111111
2021-04-22,222,9,0.961038961038961,0.03896103896103896
2021-04-23,260,11,0.959409594095941,0.04059040590405904
2021-04-24,136,7,0.951048951048951,0.04895104895104895
2021-04-25,136,2,0.9855072463768116,0.014492753623188406
2021-04-26,308,15,0.9535603715170279,0.04643962848297214
2021-04-27,331,13,0.9622093023255814,0.0377906976744186
2021-04-28,255,9,0.9659090909090909,0.03409090909090909
2021-04-29,300,3,0.9900990099009901,0.009900990099009901
2021-04-30,139,2,0.9858156028368794,0.014184397163120567
2021-05-01,106,5,0.954954954954955,0.04504504504504504
2021-05-02,41,1,0.9761904761904762,0.023809523809523808
2021-05-03,141,4,0.9724137931034482,0.027586206896551724
2021-05-04,150,3,0.9803921568627451,0.0196078431372549
2021-05-05,302,8,0.9741935483870968,0.025806451612903226
2021-05-06,121,3,0.9758064516129032,0.024193548387096774
2021-05-07,295,12,0.9609120521172638,0.03908794788273615
2021-05-08,150,4,0.974025974025974,0.025974025974025976
2021-05-09,103,5,0.9537037037037037,0.046296296296296294
2021-05-10,301,14,0.9555555555555556,0.044444444444444446
2021-05-11,241,17,0.9341085271317829,0.06589147286821706
2021-05-12,242,11,0.9565217391304348,0.043478260869565216
2021-05-13,270,11,0.9608540925266904,0.03914590747330961
2021-05-14,230,7,0.9704641350210971,0.029535864978902954
2021-05-15,138,3,0.9787234042553191,0.02127659574468085
2021-05-16,106,4,0.9636363636363636,0.03636363636363636
2021-05-17,309,11,0.965625,0.034375
2021-05-18,263,9,0.9669117647058824,0.03308823529411765
2021-05-19,300,10,0.967741935483871,0.03225806451612903
2021-05-20,268,7,0.9745454545454545,0.025454545454545455
2021-05-21,251,15,0.943609022556391,0.05639097744360902
2021-05-22,153,5,0.9683544303797469,0.03164556962025317
2021-05-23,91,1,0.9891304347826086,0.010869565217391304
2021-05-24,130,4,0.9701492537313433,0.029850746268656716
2021-05-25,273,11,0.9612676056338029,0.03873239436619718
2021-05-26,228,10,0.957983193277311,0.04201680672268908
2021-05-27,322,10,0.9698795180722891,0.030120481927710843
2021-05-28,295,17,0.9455128205128205,0.05448717948717949
2021-05-29,149,9,0.9430379746835443,0.056962025316455694
2021-05-30,114,2,0.9827586206896551,0.017241379310344827
2021-05-31,308,17,0.9476923076923077,0.052307692307692305
2021-06-01,250,17,0.9363295880149812,0.06367041198501873
2021-06-02,284,6,0.9793103448275862,0.020689655172413793
2021-06-03,235,6,0.975103734439834,0.024896265560165973
2021-06-04,204,11,0.9488372093023256,0.05116279069767442
2021-06-05,137,10,0.9319727891156463,0.06802721088435375
2021-06-06,114,1,0.991304347826087,0.008695652173913044
2021-06-07,273,10,0.9646643109540636,0.0353356890459364
2021-06-08,258,11,0.9591078066914498,0.040892193308550186
2021-06-09,272,14,0.951048951048951,0.04895104895104895
2021-06-10,253,4,0.9844357976653697,0.01556420233463035
2021-06-11,259,11,0.9592592592592593,0.040740740740740744
2021-06-12,168,6,0.9655172413793104,0.034482758620689655
2021-06-13,107,1,0.9907407407407407,0.009259259259259259
2021-06-14,269,13,0.9539007092198581,0.04609929078014184
2021-06-15,252,7,0.972972972972973,0.02702702702702703
2021-06-16,244,5,0.9799196787148594,0.020080321285140562
2021-06-17,205,9,0.9579439252336449,0.04205607476635514
2021-06-18,265,11,0.9601449275362319,0.03985507246376811
2021-06-19,162,6,0.9642857142857143,0.03571428571428571
2021-06-20,116,1,0.9914529914529915,0.008547008547008548
2021-06-21,296,6,0.9801324503311258,0.019867549668874173
2021-06-22,209,15,0.9330357142857143,0.06696428571428571
2021-06-23,237,16,0.9367588932806324,0.06324110671936758
2021-06-24,213,7,0.9681818181818181,0.031818181818181815
2021-06-25,243,9,0.9642857142857143,0.03571428571428571
2021-06-26,136,4,0.9714285714285714,0.02857142857142857
2021-06-27,111,1,0.9910714285714286,0.008928571428571428
2021-06-28,313,11,0.9660493827160493,0.033950617283950615
2021-06-29,296,11,0.9641693811074918,0.035830618892508145
2021-06-30,251,12,0.9543726235741445,0.045627376425855515
2021-07-01,219,14,0.9399141630901288,0.060085836909871244
2021-07-02,241,6,0.9757085020242915,0.024291497975708502
2021-07-03,127,5,0.9621212121212122,0.03787878787878788
2021-07-04,90,5,0.9473684210526315,0.05263157894736842
2021-07-05,245,9,0.9645669291338582,0.03543307086614173
2021-07-06,233,4,0.9831223628691983,0.016877637130801686
2021-07-07,220,10,0.9565217391304348,0.043478260869565216
2021-07-08,249,14,0.9467680608365019,0.053231939163498096
2021-07-09,229,8,0.9662447257383966,0.03375527426160337
2021-07-10,147,2,0.9865771812080537,0.013422818791946308
2021-07-11,93,2,0.9789473684210527,0.021052631578947368
2021-07-12,250,10,0.9615384615384616,0.038461538461538464
2021-07-13,287,4,0.9862542955326461,0.013745704467353952
2021-07-14,226,7,0.9699570815450643,0.030042918454935622
2021-07-15,239,13,0.9484126984126984,0.051587301587301584
2021-07-16,238,10,0.9596774193548387,0.04032258064516129
2021-07-17,152,3,0.9806451612903225,0.01935483870967742
2021-07-18,109,5,0.956140350877193,0.043859649122807015
2021-07-19,276,8,0.971830985915493,0.028169014084507043
2021-07-20,256,7,0.973384030418251,0.026615969581749048
2021-07-21,255,7,0.9732824427480916,0.026717557251908396
2021-07-22,283,9,0.9691780821917808,0.030821917808219176
2021-07-23,271,6,0.9783393501805054,0.021660649819494584
2021-07-24,139,6,0.9586206896551724,0.041379310344827586
2021-07-25,110,0,1,0
2021-07-26,333,10,0.9708454810495627,0.029154518950437316
2021-07-27,263,14,0.9494584837545126,0.05054151624548736
2021-07-28,244,13,0.9494163424124513,0.05058365758754864
2021-07-29,286,13,0.9565217391304348,0.043478260869565216
2021-07-30,254,4,0.9844961240310077,0.015503875968992248
2021-07-31,165,7,0.9593023255813954,0.040697674418604654
2021-08-01,103,2,0.9809523809523809,0.01904761904761905
2021-08-02,276,10,0.965034965034965,0.03496503496503497
2021-08-03,250,8,0.9689922480620154,0.031007751937984496
2021-08-04,222,12,0.9487179487179487,0.05128205128205128
2021-08-05,235,7,0.9710743801652892,0.028925619834710745
2021-08-06,191,9,0.955,0.045
2021-08-07,134,6,0.9571428571428572,0.04285714285714286
2021-08-08,88,1,0.9887640449438202,0.011235955056179775
2021-08-09,278,13,0.9553264604810997,0.044673539518900345
2021-08-10,266,13,0.953405017921147,0.04659498207885305
2021-08-11,261,15,0.9456521739130435,0.05434782608695652
2021-08-12,214,10,0.9553571428571429,0.044642857142857144
2021-08-13,230,10,0.9583333333333334,0.041666666666666664
2021-08-14,130,8,0.9420289855072463,0.057971014492753624
2021-08-15,80,4,0.9523809523809523,0.047619047619047616
2021-08-16,244,11,0.9568627450980393,0.043137254901960784
2021-08-17,244,11,0.9568627450980393,0.043137254901960784
2021-08-18,236,7,0.9711934156378601,0.02880658436213992
2021-08-19,212,5,0.9769585253456221,0.02304147465437788
2021-08-20,233,10,0.9588477366255144,0.0411522633744856
2021-08-21,125,4,0.9689922480620154,0.031007751937984496
2021-08-22,113,1,0.9912280701754386,0.008771929824561403
2021-08-23,239,11,0.956,0.044
2021-08-24,247,8,0.9686274509803922,0.03137254901960784
2021-08-25,224,7,0.9696969696969697,0.030303030303030304
2021-08-26,206,5,0.976303317535545,0.023696682464454975
2021-08-27,211,7,0.9678899082568807,0.03211009174311927
2021-08-28,159,3,0.9814814814814815,0.018518518518518517
2021-08-29,103,0,1,0
2021-08-30,234,7,0.970954356846473,0.029045643153526972
2021-08-31,237,9,0.9634146341463414,0.036585365853658534
2021-09-01,189,6,0.9692307692307692,0.03076923076923077
2021-09-02,233,8,0.966804979253112,0.03319502074688797
2021-09-03,212,8,0.9636363636363636,0.03636363636363636
2021-09-04,120,2,0.9836065573770492,0.01639344262295082
2021-09-05,99,2,0.9801980198019802,0.019801980198019802
2021-09-06,130,5,0.9629629629629629,0.037037037037037035
2021-09-07,209,8,0.9631336405529954,0.03686635944700461
2021-09-08,192,8,0.96,0.04
2021-09-09,177,6,0.9672131147540983,0.03278688524590164
2021-09-10,188,7,0.9641025641025641,0.035897435897435895
2021-09-11,140,4,0.9722222222222222,0.027777777777777776
2021-09-12,91,2,0.978494623655914,0.021505376344086023
2021-09-13,229,7,0.9703389830508474,0.029661016949152543
2021-09-14,218,12,0.9478260869565217,0.05217391304347826
2021-09-15,250,8,0.9689922480620154,0.031007751937984496
2021-09-16,229,5,0.9786324786324786,0.021367521367521368
2021-09-17,210,6,0.9722222222222222,0.027777777777777776
2021-09-18,119,0,1,0
2021-09-19,116,5,0.9586776859504132,0.04132231404958678
2021-09-20,267,3,0.9888888888888889,0.011111111111111112
2021-09-21,221,5,0.9778761061946902,0.022123893805309734
2021-09-22,168,2,0.9882352941176471,0.011764705882352941
2021-09-23,260,15,0.9454545454545454,0.05454545454545454
2021-09-24,214,6,0.9727272727272728,0.02727272727272727
2021-09-25,145,10,0.9354838709677419,0.06451612903225806
2021-09-26,125,3,0.9765625,0.0234375
2021-09-27,245,9,0.9645669291338582,0.03543307086614173
2021-09-28,237,10,0.9595141700404858,0.04048582995951417
2021-09-29,247,6,0.9762845849802372,0.023715415019762844
2021-09-30,240,5,0.9795918367346939,0.02040816326530612
2021-10-01,239,4,0.9835390946502057,0.01646090534979424
2021-10-02,135,3,0.9782608695652174,0.021739130434782608
2021-10-03,110,2,0.9821428571428571,0.017857142857142856
2021-10-04,242,5,0.979757085020243,0.020242914979757085
2021-10-05,249,10,0.9613899613899614,0.03861003861003861
2021-10-06,219,8,0.9647577092511013,0.03524229074889868
2021-10-07,373,21,0.9467005076142132,0.0532994923857868
2021-10-08,353,28,0.926509186351706,0.07349081364829396
2021-10-09,147,5,0.9671052631578947,0.03289473684210526
2021-10-10,126,5,0.9618320610687023,0.03816793893129771
2021-10-11,324,15,0.9557522123893806,0.04424778761061947
2021-10-12,504,11,0.9786407766990292,0.021359223300970873
2021-10-13,303,8,0.9742765273311897,0.02572347266881029
2021-10-14,285,7,0.976027397260274,0.023972602739726026
2021-10-15,270,11,0.9608540925266904,0.03914590747330961
2021-10-16,152,4,0.9743589743589743,0.02564102564102564
2021-10-17,139,4,0.972027972027972,0.027972027972027972
2021-10-18,309,16,0.9507692307692308,0.04923076923076923
2021-10-19,258,10,0.9626865671641791,0.03731343283582089
2021-10-20,280,9,0.9688581314878892,0.031141868512110725
2021-10-21,343,10,0.9716713881019831,0.028328611898016998
2021-10-22,252,9,0.9655172413793104,0.034482758620689655
2021-10-23,138,5,0.965034965034965,0.03496503496503497
2021-10-24,124,1,0.992,0.008
2021-10-25,338,14,0.9602272727272727,0.03977272727272727
2021-10-26,283,14,0.9528619528619529,0.04713804713804714
2021-10-27,300,7,0.9771986970684039,0.02280130293159609
2021-10-28,256,10,0.9624060150375939,0.03759398496240601
2021-10-29,299,6,0.980327868852459,0.019672131147540985
2021-10-30,153,5,0.9683544303797469,0.03164556962025317
2021-10-31,127,3,0.9769230769230769,0.023076923076923078
2021-11-01,253,11,0.9583333333333334,0.041666666666666664
2021-11-02,248,9,0.9649805447470817,0.03501945525291829
2021-11-03,255,7,0.9732824427480916,0.026717557251908396
2021-11-04,264,10,0.9635036496350365,0.0364963503649635
2021-11-05,285,11,0.9628378378378378,0.037162162162162164
2021-11-06,133,1,0.9925373134328358,0.007462686567164179
2021-11-07,105,2,0.9813084112149533,0.018691588785046728
2021-11-08,298,16,0.9490445859872612,0.050955414012738856
2021-11-09,250,17,0.9363295880149812,0.06367041198501873
2021-11-10,260,15,0.9454545454545454,0.05454545454545454
2021-11-11,249,8,0.9688715953307393,0.0311284046692607
2021-11-12,221,15,0.9364406779661016,0.0635593220338983
2021-11-13,137,4,0.9716312056737588,0.028368794326241134
2021-11-14,122,2,0.9838709677419355,0.016129032258064516
2021-11-15,285,16,0.946843853820598,0.053156146179401995
2021-11-16,270,7,0.9747292418772563,0.02527075812274368
2021-11-17,274,9,0.9681978798586572,0.03180212014134275
2021-11-18,240,13,0.9486166007905138,0.05138339920948617
2021-11-19,262,5,0.9812734082397003,0.018726591760299626
2021-11-20,175,8,0.9562841530054644,0.04371584699453552
2021-11-21,139,5,0.9652777777777778,0.034722222222222224
2021-11-22,289,10,0.9665551839464883,0.033444816053511704
2021-11-23,341,11,0.96875,0.03125
2021-11-24,285,9,0.9693877551020408,0.030612244897959183
2021-11-25,376,12,0.9690721649484536,0.030927835051546393
2021-11-26,307,16,0.9504643962848297,0.04953560371517028
2021-11-27,213,4,0.9815668202764977,0.018433179723502304
2021-11-28,138,2,0.9857142857142858,0.014285714285714285
2021-11-29,323,15,0.9556213017751479,0.04437869822485207
2021-11-30,296,15,0.9517684887459807,0.04823151125401929
2021-12-01,258,12,0.9555555555555556,0.044444444444444446
2021-12-02,272,8,0.9714285714285714,0.02857142857142857
2021-12-03,298,3,0.9900332225913622,0.009966777408637873
2021-12-04,177,3,0.9833333333333333,0.016666666666666666
2021-12-05,150,2,0.9868421052631579,0.013157894736842105
2021-12-06,286,17,0.9438943894389439,0.056105610561056105
2021-12-07,356,14,0.9621621621621622,0.03783783783783784
2021-12-08,300,10,0.967741935483871,0.03225806451612903
2021-12-09,302,11,0.9648562300319489,0.03514376996805112
2021-12-10,312,9,0.9719626168224299,0.028037383177570093
2021-12-11,178,11,0.9417989417989417,0.0582010582010582
2021-12-12,130,6,0.9558823529411765,0.04411764705882353
2021-12-13,355,15,0.9594594594594594,0.04054054054054054
2021-12-14,360,16,0.9574468085106383,0.0425531914893617
2021-12-15,315,15,0.9545454545454546,0.045454545454545456
2021-12-16,346,11,0.969187675070028,0.03081232492997199
2021-12-17,279,11,0.9620689655172414,0.03793103448275862
2021-12-18,184,7,0.9633507853403142,0.03664921465968586
2021-12-19,135,1,0.9926470588235294,0.007352941176470588
2021-12-20,541,14,0.9747747747747748,0.025225225225225224
2021-12-21,411,16,0.9625292740046838,0.03747072599531616
2021-12-22,401,14,0.9662650602409638,0.033734939759036145
2021-12-23,320,17,0.9495548961424333,0.050445103857566766
2021-12-24,135,4,0.9712230215827338,0.02877697841726619
2021-12-25,57,0,1,0
2021-12-26,118,5,0.959349593495935,0.04065040650406504
2021-12-27,226,9,0.9617021276595744,0.03829787234042553
2021-12-28,233,6,0.9748953974895398,0.02510460251046025
2021-12-29,399,13,0.9684466019417476,0.03155339805825243
2021-12-30,357,13,0.9648648648648649,0.03513513513513514
2021-12-31,198,8,0.9611650485436893,0.038834951456310676
2022-01-01,49,0,1,0
2022-01-02,109,5,0.956140350877193,0.043859649122807015
2022-01-03,186,6,0.96875,0.03125
2022-01-04,296,11,0.9641693811074918,0.035830618892508145
2022-01-05,286,12,0.959731543624161,0.040268456375838924
2022-01-06,248,8,0.96875,0.03125
2022-01-07,264,6,0.9777777777777777,0.022222222222222223
2022-01-08,159,3,0.9814814814814815,0.018518518518518517
2022-01-09,103,3,0.9716981132075472,0.02830188679245283
2022-01-10,300,11,0.9646302250803859,0.03536977491961415
2022-01-11,257,11,0.9589552238805971,0.041044776119402986
2022-01-12,286,14,0.9533333333333334,0.04666666666666667
2022-01-13,264,11,0.96,0.04
2022-01-14,269,13,0.9539007092198581,0.04609929078014184
2022-01-15,153,2,0.9870967741935484,0.012903225806451613
2022-01-16,117,2,0.9831932773109243,0.01680672268907563
2022-01-17,289,16,0.9475409836065574,0.05245901639344262
2022-01-18,284,12,0.9594594594594594,0.04054054054054054
2022-01-19,303,12,0.9619047619047619,0.0380952380952381
2022-01-20,316,10,0.9693251533742331,0.03067484662576687
2022-01-21,303,15,0.9528301886792453,0.04716981132075472
2022-01-22,180,5,0.972972972972973,0.02702702702702703
2022-01-23,113,0,1,0
2022-01-24,347,17,0.9532967032967034,0.046703296703296704
2022-01-25,309,20,0.939209726443769,0.060790273556231005
2022-01-26,334,18,0.9488636363636364,0.05113636363636364
2022-01-27,305,18,0.9442724458204335,0.05572755417956656
2022-01-28,315,15,0.9545454545454546,0.045454545454545456
2022-01-29,153,4,0.9745222929936306,0.025477707006369428
2022-01-30,140,3,0.9790209790209791,0.02097902097902098
2022-01-31,317,21,0.9378698224852071,0.0621301775147929
2022-02-01,280,9,0.9688581314878892,0.031141868512110725
2022-02-02,304,4,0.987012987012987,0.012987012987012988
2022-02-03,277,11,0.9618055555555556,0.03819444444444445
2022-02-04,296,16,0.9487179487179487,0.05128205128205128
2022-02-05,174,3,0.9830508474576272,0.01694915254237288
2022-02-06,113,1,0.9912280701754386,0.008771929824561403
2022-02-07,296,17,0.9456869009584664,0.054313099041533544
2022-02-08,319,20,0.9410029498525073,0.058997050147492625
2022-02-09,301,11,0.9647435897435898,0.035256410256410256
2022-02-10,302,16,0.949685534591195,0.050314465408805034
2022-02-11,265,10,0.9636363636363636,0.03636363636363636
2022-02-12,169,7,0.9602272727272727,0.03977272727272727
2022-02-13,122,4,0.9682539682539683,0.031746031746031744
2022-02-14,286,13,0.9565217391304348,0.043478260869565216
2022-02-15,248,11,0.9575289575289575,0.04247104247104247
2022-02-16,290,9,0.9698996655518395,0.030100334448160536
2022-02-17,280,17,0.9427609427609428,0.05723905723905724
2022-02-18,282,8,0.9724137931034482,0.027586206896551724
2022-02-19,166,3,0.9822485207100592,0.01775147928994083
2022-02-20,111,5,0.9568965517241379,0.04310344827586207
2022-02-21,318,17,0.9492537313432836,0.050746268656716415
2022-02-22,306,12,0.9622641509433962,0.03773584905660377
2022-02-23,325,19,0.9447674418604651,0.055232558139534885
2022-02-24,320,13,0.960960960960961,0.03903903903903904
2022-02-25,276,12,0.9583333333333334,0.041666666666666664
2022-02-26,161,8,0.9526627218934911,0.047337278106508875
2022-02-27,94,4,0.9591836734693877,0.04081632653061224
2022-02-28,341,8,0.9770773638968482,0.022922636103151862
2022-03-01,249,14,0.9467680608365019,0.053231939163498096
2022-03-02,274,11,0.9614035087719298,0.03859649122807018
2022-03-03,171,8,0.9553072625698324,0.0446927374301676
2022-03-04,289,13,0.956953642384106,0.04304635761589404
2022-03-05,137,3,0.9785714285714285,0.02142857142857143
2022-03-06,106,2,0.9814814814814815,0.018518518518518517
2022-03-07,326,12,0.9644970414201184,0.03550295857988166
2022-03-08,308,22,0.9333333333333333,0.06666666666666667
2022-03-09,271,10,0.9644128113879004,0.03558718861209965
2022-03-10,363,14,0.9628647214854111,0.03713527851458886
2022-03-11,356,15,0.9595687331536388,0.04043126684636118
2022-03-12,195,7,0.9653465346534653,0.034653465346534656
2022-03-13,144,4,0.972972972972973,0.02702702702702703
2022-03-14,355,16,0.9568733153638814,0.0431266846361186
2022-03-15,332,15,0.9567723342939481,0.043227665706051875
2022-03-16,338,16,0.9548022598870056,0.04519774011299435
2022-03-17,423,17,0.9613636363636363,0.038636363636363635
2022-03-18,372,16,0.9587628865979382,0.041237113402061855
2022-03-19,201,7,0.9663461538461539,0.03365384615384615
2022-03-20,157,1,0.9936708860759493,0.006329113924050633
2022-03-21,385,15,0.9625,0.0375
2022-03-22,369,12,0.968503937007874,0.031496062992125984
2022-03-23,353,14,0.9618528610354223,0.03814713896457766
2022-03-24,332,15,0.9567723342939481,0.043227665706051875
2022-03-25,285,8,0.9726962457337884,0.027303754266211604
2022-03-26,173,8,0.9558011049723757,0.04419889502762431
2022-03-27,128,0,1,0
2022-03-28,334,9,0.9737609329446064,0.026239067055393587
2022-03-29,307,19,0.941717791411043,0.05828220858895705
2022-03-30,350,12,0.9668508287292817,0.03314917127071823
2022-03-31,298,15,0.952076677316294,0.04792332268370607
2022-04-01,275,14,0.9515570934256056,0.04844290657439446
2022-04-02,157,7,0.9573170731707317,0.042682926829268296
2022-04-03,116,2,0.9830508474576272,0.01694915254237288
2022-04-04,285,7,0.976027397260274,0.023972602739726026
2022-04-05,296,12,0.961038961038961,0.03896103896103896
2022-04-06,253,7,0.9730769230769231,0.026923076923076925
2022-04-07,247,11,0.9573643410852714,0.04263565891472868
2022-04-08,267,15,0.9468085106382979,0.05319148936170213
2022-04-09,188,5,0.9740932642487047,0.025906735751295335
2022-04-10,140,2,0.9859154929577465,0.014084507042253521
2022-04-11,299,11,0.964516129032258,0.035483870967741936
2022-04-12,280,11,0.9621993127147767,0.037800687285223365
2022-04-13,312,12,0.9629629629629629,0.037037037037037035
2022-04-14,326,7,0.978978978978979,0.021021021021021023
2022-04-15,309,13,0.9596273291925466,0.040372670807453416
2022-04-16,176,3,0.9832402234636871,0.01675977653631285
2022-04-17,115,5,0.9583333333333334,0.041666666666666664
2022-04-18,397,21,0.9497607655502392,0.050239234449760764
2022-04-19,469,15,0.96900826446281,0.030991735537190084
2022-04-20,371,15,0.961139896373057,0.038860103626943004
2022-04-21,357,14,0.9622641509433962,0.03773584905660377
2022-04-22,206,5,0.976303317535545,0.023696682464454975
2022-04-23,147,4,0.9735099337748344,0.026490066225165563
2022-04-24,57,1,0.9827586206896551,0.017241379310344827
2022-04-25,206,4,0.9809523809523809,0.01904761904761905
2022-04-26,391,15,0.9630541871921182,0.03694581280788178
2022-04-27,388,13,0.9675810473815462,0.032418952618453865
2022-04-28,345,17,0.9530386740331491,0.04696132596685083
2022-04-29,368,18,0.9533678756476683,0.046632124352331605
2022-04-30,191,5,0.9744897959183674,0.025510204081632654
2022-05-01,130,0,1,0
2022-05-02,171,5,0.9715909090909091,0.028409090909090908
2022-05-03,383,19,0.9527363184079602,0.0472636815920398
2022-05-04,298,9,0.9706840390879479,0.029315960912052116
2022-05-05,357,13,0.9648648648648649,0.03513513513513514
2022-05-06,168,8,0.9545454545454546,0.045454545454545456
2022-05-07,149,6,0.9612903225806452,0.03870967741935484
2022-05-08,114,1,0.991304347826087,0.008695652173913044
2022-05-09,344,6,0.9828571428571429,0.017142857142857144
2022-05-10,375,13,0.9664948453608248,0.03350515463917526
2022-05-11,323,12,0.9641791044776119,0.03582089552238806
2022-05-12,348,12,0.9666666666666667,0.03333333333333333
2022-05-13,314,14,0.9573170731707317,0.042682926829268296
2022-05-14,182,11,0.9430051813471503,0.05699481865284974
2022-05-15,123,2,0.984,0.016
2022-05-16,361,15,0.9601063829787234,0.0398936170212766
2022-05-17,439,11,0.9755555555555555,0.024444444444444446
2022-05-18,332,14,0.9595375722543352,0.04046242774566474
2022-05-19,360,14,0.9625668449197861,0.0374331550802139
2022-05-20,350,5,0.9859154929577465,0.014084507042253521
2022-05-21,202,11,0.9483568075117371,0.051643192488262914
2022-05-22,144,5,0.9664429530201343,0.03355704697986577
2022-05-23,404,18,0.957345971563981,0.04265402843601896
2022-05-24,189,5,0.9742268041237113,0.02577319587628866
2022-05-25,350,16,0.9562841530054644,0.04371584699453552
2022-05-26,333,14,0.9596541786743515,0.040345821325648415
2022-05-27,309,16,0.9507692307692308,0.04923076923076923
2022-05-28,189,5,0.9742268041237113,0.02577319587628866
2022-05-29,160,1,0.9937888198757764,0.006211180124223602
2022-05-30,402,18,0.9571428571428572,0.04285714285714286
2022-05-31,404,14,0.9665071770334929,0.03349282296650718
2022-06-01,286,18,0.9407894736842105,0.05921052631578947
2022-06-02,293,10,0.966996699669967,0.033003300330033
2022-06-03,315,9,0.9722222222222222,0.027777777777777776
2022-06-04,198,2,0.99,0.01
2022-06-05,132,5,0.9635036496350365,0.0364963503649635
2022-06-06,294,17,0.9453376205787781,0.05466237942122187
2022-06-07,295,15,0.9516129032258065,0.04838709677419355
2022-06-08,307,9,0.9715189873417721,0.028481012658227847
2022-06-09,300,16,0.9493670886075949,0.05063291139240506
2022-06-10,282,17,0.9431438127090301,0.056856187290969896
2022-06-11,173,6,0.9664804469273743,0.0335195530726257
2022-06-12,137,3,0.9785714285714285,0.02142857142857143
2022-06-13,379,15,0.9619289340101523,0.03807106598984772
2022-06-14,276,13,0.9550173010380623,0.04498269896193772
2022-06-15,300,11,0.9646302250803859,0.03536977491961415
2022-06-16,304,9,0.9712460063897763,0.02875399361022364
2022-06-17,328,9,0.973293768545994,0.026706231454005934
2022-06-18,145,6,0.9602649006622517,0.039735099337748346
2022-06-19,147,2,0.9865771812080537,0.013422818791946308
2022-06-20,396,14,0.9658536585365853,0.03414634146341464
2022-06-21,314,18,0.9457831325301205,0.05421686746987952
2022-06-22,345,11,0.9691011235955056,0.03089887640449438
2022-06-23,296,14,0.9548387096774194,0.04516129032258064
2022-06-24,293,10,0.966996699669967,0.033003300330033
2022-06-25,191,6,0.9695431472081218,0.030456852791878174
2022-06-26,144,1,0.993103448275862,0.006896551724137931
2022-06-27,390,20,0.9512195121951219,0.04878048780487805
2022-06-28,355,10,0.9726027397260274,0.0273972602739726
2022-06-29,330,19,0.9455587392550143,0.054441260744985676
2022-06-30,332,11,0.967930029154519,0.03206997084548105
2022-07-01,294,12,0.9607843137254902,0.0392156862745098
2022-07-02,152,5,0.9681528662420382,0.03184713375796178
2022-07-03,119,4,0.967479674796748,0.032520325203252036
2022-07-04,275,11,0.9615384615384616,0.038461538461538464
2022-07-05,317,11,0.9664634146341463,0.03353658536585366
2022-07-06,290,13,0.9570957095709571,0.0429042904290429
2022-07-07,283,11,0.9625850340136054,0.03741496598639456
2022-07-08,287,13,0.9566666666666667,0.043333333333333335
2022-07-09,184,6,0.968421052631579,0.031578947368421054
2022-07-10,135,3,0.9782608695652174,0.021739130434782608
2022-07-11,336,16,0.9545454545454546,0.045454545454545456
2022-07-12,293,12,0.9606557377049181,0.03934426229508197
2022-07-13,302,14,0.9556962025316456,0.04430379746835443
2022-07-14,265,16,0.9430604982206405,0.05693950177935943
2022-07-15,259,14,0.9487179487179487,0.05128205128205128
2022-07-16,174,4,0.9775280898876404,0.02247191011235955
2022-07-17,107,4,0.963963963963964,0.036036036036036036
2022-07-18,336,16,0.9545454545454546,0.045454545454545456
2022-07-19,347,17,0.9532967032967034,0.046703296703296704
2022-07-20,360,9,0.975609756097561,0.024390243902439025
2022-07-21,332,17,0.9512893982808023,0.04871060171919771
2022-07-22,308,10,0.9685534591194969,0.031446540880503145
2022-07-23,203,3,0.9854368932038835,0.014563106796116505
2022-07-24,105,2,0.9813084112149533,0.018691588785046728
2022-07-25,340,10,0.9714285714285714,0.02857142857142857
2022-07-26,336,16,0.9545454545454546,0.045454545454545456
2022-07-27,356,18,0.9518716577540107,0.0481283422459893
2022-07-28,311,10,0.9688473520249221,0.03115264797507788
2022-07-29,323,7,0.9787878787878788,0.021212121212121213
2022-07-30,193,9,0.9554455445544554,0.04455445544554455
2022-07-31,147,5,0.9671052631578947,0.03289473684210526
2022-08-01,321,12,0.963963963963964,0.036036036036036036
2022-08-02,305,10,0.9682539682539683,0.031746031746031744
2022-08-03,281,12,0.9590443686006825,0.040955631399317405
2022-08-04,267,11,0.960431654676259,0.039568345323741004
2022-08-05,274,11,0.9614035087719298,0.03859649122807018
2022-08-06,162,12,0.9310344827586207,0.06896551724137931
2022-08-07,114,2,0.9827586206896551,0.017241379310344827
2022-08-08,304,15,0.9529780564263323,0.047021943573667714
2022-08-09,292,8,0.9733333333333334,0.02666666666666667
2022-08-10,298,14,0.9551282051282052,0.04487179487179487
2022-08-11,283,11,0.9625850340136054,0.03741496598639456
2022-08-12,287,10,0.9663299663299664,0.03367003367003367
2022-08-13,161,5,0.9698795180722891,0.030120481927710843
2022-08-14,123,5,0.9609375,0.0390625
2022-08-15,331,12,0.9650145772594753,0.03498542274052478
2022-08-16,273,11,0.9612676056338029,0.03873239436619718
2022-08-17,350,11,0.9695290858725761,0.030470914127423823
2022-08-18,306,12,0.9622641509433962,0.03773584905660377
2022-08-19,308,12,0.9625,0.0375
2022-08-20,162,7,0.9585798816568047,0.04142011834319527
2022-08-21,134,4,0.9710144927536232,0.028985507246376812
2022-08-22,320,14,0.9580838323353293,0.041916167664670656
2022-08-23,320,8,0.975609756097561,0.024390243902439025
2022-08-24,308,12,0.9625,0.0375
2022-08-25,298,11,0.9644012944983819,0.03559870550161812
2022-08-26,325,12,0.9643916913946587,0.03560830860534125
2022-08-27,183,4,0.9786096256684492,0.0213903743315508
2022-08-28,137,3,0.9785714285714285,0.02142857142857143
2022-08-29,350,16,0.9562841530054644,0.04371584699453552
2022-08-30,333,13,0.9624277456647399,0.03757225433526012
2022-08-31,295,12,0.9609120521172638,0.03908794788273615
2022-09-01,284,6,0.9793103448275862,0.020689655172413793
2022-09-02,281,14,0.9525423728813559,0.04745762711864407
2022-09-03,155,7,0.9567901234567902,0.043209876543209874
2022-09-04,116,5,0.9586776859504132,0.04132231404958678
2022-09-05,320,10,0.9696969696969697,0.030303030303030304
2022-09-06,191,6,0.9695431472081218,0.030456852791878174
2022-09-07,313,19,0.9427710843373494,0.0572289156626506
2022-09-08,302,11,0.9648562300319489,0.03514376996805112
2022-09-09,284,6,0.9793103448275862,0.020689655172413793
2022-09-10,167,5,0.9709302325581395,0.029069767441860465
2022-09-11,134,5,0.9640287769784173,0.03597122302158273
2022-09-12,298,12,0.9612903225806452,0.03870967741935484
2022-09-13,276,7,0.9752650176678446,0.024734982332155476
2022-09-14,327,8,0.9761194029850746,0.023880597014925373
2022-09-15,270,10,0.9642857142857143,0.03571428571428571
2022-09-16,281,10,0.9656357388316151,0.03436426116838488
2022-09-17,148,5,0.9673202614379085,0.032679738562091505
2022-09-18,144,2,0.9863013698630136,0.0136986301369863
2022-09-19,271,13,0.954225352112676,0.045774647887323945
2022-09-20,294,7,0.9767441860465116,0.023255813953488372
2022-09-21,346,8,0.9774011299435028,0.022598870056497175
2022-09-22,195,6,0.9701492537313433,0.029850746268656716
2022-09-23,324,12,0.9642857142857143,0.03571428571428571
2022-09-24,194,3,0.9847715736040609,0.015228426395939087
2022-09-25,148,3,0.9801324503311258,0.019867549668874173
2022-09-26,347,18,0.9506849315068493,0.049315068493150684
2022-09-27,375,18,0.9541984732824428,0.04580152671755725
2022-09-28,261,12,0.9560439560439561,0.04395604395604396
2022-09-29,288,11,0.9632107023411371,0.03678929765886288
2022-09-30,289,6,0.9796610169491525,0.020338983050847456
2022-10-01,168,3,0.9824561403508771,0.017543859649122806
2022-10-02,100,4,0.9615384615384616,0.038461538461538464
2022-10-03,294,8,0.9735099337748344,0.026490066225165563
2022-10-04,260,16,0.9420289855072463,0.057971014492753624
2022-10-05,309,14,0.9566563467492261,0.043343653250773995
2022-10-06,262,6,0.9776119402985075,0.022388059701492536
2022-10-07,270,10,0.9642857142857143,0.03571428571428571
2022-10-08,155,6,0.9627329192546584,0.037267080745341616
2022-10-09,116,1,0.9914529914529915,0.008547008547008548
2022-10-10,311,18,0.9452887537993921,0.0547112462006079
2022-10-11,290,4,0.9863945578231292,0.013605442176870748
2022-10-12,324,10,0.9700598802395209,0.029940119760479042
2022-10-13,296,17,0.9456869009584664,0.054313099041533544
2022-10-14,266,8,0.9708029197080292,0.029197080291970802
2022-10-15,141,5,0.9657534246575342,0.03424657534246575
2022-10-16,121,3,0.9758064516129032,0.024193548387096774
2022-10-17,316,10,0.9693251533742331,0.03067484662576687
2022-10-18,287,12,0.959866220735786,0.04013377926421405
2022-10-19,286,13,0.9565217391304348,0.043478260869565216
2022-10-20,305,14,0.9561128526645768,0.0438871473354232
2022-10-21,265,7,0.9742647058823529,0.025735294117647058
2022-10-22,162,10,0.9418604651162791,0.05813953488372093
2022-10-23,119,3,0.9754098360655737,0.02459016393442623
2022-10-24,336,17,0.9518413597733711,0.04815864022662889
2022-10-25,279,12,0.9587628865979382,0.041237113402061855
2022-10-26,320,5,0.9846153846153847,0.015384615384615385
2022-10-27,318,6,0.9814814814814815,0.018518518518518517
2022-10-28,340,17,0.9523809523809523,0.047619047619047616
2022-10-29,158,5,0.9693251533742331,0.03067484662576687
2022-10-30,111,1,0.9910714285714286,0.008928571428571428
2022-10-31,351,17,0.9538043478260869,0.04619565217391304
2022-11-01,290,6,0.9797297297297297,0.02027027027027027
2022-11-02,370,9,0.9762532981530343,0.023746701846965697
2022-11-03,329,12,0.9648093841642229,0.03519061583577713
2022-11-04,343,15,0.9581005586592178,0.04189944134078212
2022-11-05,179,1,0.9944444444444445,0.005555555555555556
2022-11-06,131,7,0.9492753623188406,0.050724637681159424
2022-11-07,364,13,0.9655172413793104,0.034482758620689655
2022-11-08,306,8,0.9745222929936306,0.025477707006369428
2022-11-09,334,8,0.9766081871345029,0.023391812865497075
2022-11-10,335,9,0.9738372093023255,0.02616279069767442
2022-11-11,348,7,0.9802816901408451,0.01971830985915493
2022-11-12,209,11,0.95,0.05
2022-11-13,134,1,0.9925925925925926,0.007407407407407408
2022-11-14,304,18,0.9440993788819876,0.055900621118012424
2022-11-15,260,12,0.9558823529411765,0.04411764705882353
2022-11-16,314,9,0.9721362229102167,0.02786377708978328
2022-11-17,280,12,0.958904109589041,0.0410958904109589
2022-11-18,282,10,0.9657534246575342,0.03424657534246575
2022-11-19,161,3,0.9817073170731707,0.018292682926829267
2022-11-20,130,3,0.9774436090225563,0.022556390977443608
2022-11-21,363,7,0.981081081081081,0.01891891891891892
2022-11-22,341,9,0.9742857142857143,0.025714285714285714
2022-11-23,343,10,0.9716713881019831,0.028328611898016998
2022-11-24,303,13,0.9588607594936709,0.04113924050632911
2022-11-25,319,12,0.9637462235649547,0.03625377643504532
2022-11-26,139,4,0.972027972027972,0.027972027972027972
2022-11-27,173,2,0.9885714285714285,0.011428571428571429
2022-11-28,445,7,0.9845132743362832,0.015486725663716814
2022-11-29,377,12,0.9691516709511568,0.030848329048843187
2022-11-30,378,8,0.9792746113989638,0.02072538860103627
2022-12-01,313,9,0.9720496894409938,0.027950310559006212
